"filename", "language", "Markdown", "Gradle", "Batch", "Java Properties", "HTML", "Java", "PostCSS", "comment", "blank", "total"
"/run/media/atomic_dev25/SHARED/shared/C/Users/Administrator/Desktop/Projects/JAVA/sentinel.pay/sentinel.pay/Frontend.md", "Markdown", 47, 0, 0, 0, 0, 0, 0, 1, 40, 88
"/run/media/atomic_dev25/SHARED/shared/C/Users/Administrator/Desktop/Projects/JAVA/sentinel.pay/sentinel.pay/README.md", "Markdown", 44, 0, 0, 0, 0, 0, 0, 0, 28, 72
"/run/media/atomic_dev25/SHARED/shared/C/Users/Administrator/Desktop/Projects/JAVA/sentinel.pay/sentinel.pay/build.gradle", "Gradle", 0, 43, 0, 0, 0, 0, 0, 2, 8, 53
"/run/media/atomic_dev25/SHARED/shared/C/Users/Administrator/Desktop/Projects/JAVA/sentinel.pay/sentinel.pay/frontend-improvements.md", "Markdown", 71, 0, 0, 0, 0, 0, 0, 0, 68, 139
"/run/media/atomic_dev25/SHARED/shared/C/Users/Administrator/Desktop/Projects/JAVA/sentinel.pay/sentinel.pay/gradle/wrapper/gradle-wrapper.properties", "Java Properties", 0, 0, 0, 7, 0, 0, 0, 0, 1, 8
"/run/media/atomic_dev25/SHARED/shared/C/Users/Administrator/Desktop/Projects/JAVA/sentinel.pay/sentinel.pay/gradlew.bat", "Batch", 0, 0, 41, 0, 0, 0, 0, 32, 22, 95
"/run/media/atomic_dev25/SHARED/shared/C/Users/Administrator/Desktop/Projects/JAVA/sentinel.pay/sentinel.pay/settings.gradle", "Gradle", 0, 1, 0, 0, 0, 0, 0, 0, 1, 2
"/run/media/atomic_dev25/SHARED/shared/C/Users/Administrator/Desktop/Projects/JAVA/sentinel.pay/sentinel.pay/src/main/java/com/github/sentinel/pay/Application.java", "Java", 0, 0, 0, 0, 0, 11, 0, 0, 5, 16
"/run/media/atomic_dev25/SHARED/shared/C/Users/Administrator/Desktop/Projects/JAVA/sentinel.pay/sentinel.pay/src/main/java/com/github/sentinel/pay/application/dto/apiKey/ApiKeyDto.java", "Java", 0, 0, 0, 0, 0, 12, 0, 0, 4, 16
"/run/media/atomic_dev25/SHARED/shared/C/Users/Administrator/Desktop/Projects/JAVA/sentinel.pay/sentinel.pay/src/main/java/com/github/sentinel/pay/application/dto/dashboard/DashBoardDto.java", "Java", 0, 0, 0, 0, 0, 16, 0, 0, 4, 20
"/run/media/atomic_dev25/SHARED/shared/C/Users/Administrator/Desktop/Projects/JAVA/sentinel.pay/sentinel.pay/src/main/java/com/github/sentinel/pay/application/dto/decision/AuditEventDto.java", "Java", 0, 0, 0, 0, 0, 12, 0, 0, 3, 15
"/run/media/atomic_dev25/SHARED/shared/C/Users/Administrator/Desktop/Projects/JAVA/sentinel.pay/sentinel.pay/src/main/java/com/github/sentinel/pay/application/dto/decision/FraudDecisionDetailsDto.java", "Java", 0, 0, 0, 0, 0, 21, 0, 0, 9, 30
"/run/media/atomic_dev25/SHARED/shared/C/Users/Administrator/Desktop/Projects/JAVA/sentinel.pay/sentinel.pay/src/main/java/com/github/sentinel/pay/application/dto/decision/FraudDecisionDto.java", "Java", 0, 0, 0, 0, 0, 16, 0, 1, 4, 21
"/run/media/atomic_dev25/SHARED/shared/C/Users/Administrator/Desktop/Projects/JAVA/sentinel.pay/sentinel.pay/src/main/java/com/github/sentinel/pay/application/dto/incidents/IncidentDTO.java", "Java", 0, 0, 0, 0, 0, 12, 0, 0, 3, 15
"/run/media/atomic_dev25/SHARED/shared/C/Users/Administrator/Desktop/Projects/JAVA/sentinel.pay/sentinel.pay/src/main/java/com/github/sentinel/pay/application/dto/incidents/IncidentDetails.java", "Java", 0, 0, 0, 0, 0, 13, 0, 0, 4, 17
"/run/media/atomic_dev25/SHARED/shared/C/Users/Administrator/Desktop/Projects/JAVA/sentinel.pay/sentinel.pay/src/main/java/com/github/sentinel/pay/application/dto/incidents/IncidentResponseDto.java", "Java", 0, 0, 0, 0, 0, 16, 0, 0, 3, 19
"/run/media/atomic_dev25/SHARED/shared/C/Users/Administrator/Desktop/Projects/JAVA/sentinel.pay/sentinel.pay/src/main/java/com/github/sentinel/pay/application/dto/incidents/OpenIncidentRequestDto.java", "Java", 0, 0, 0, 0, 0, 9, 0, 0, 6, 15
"/run/media/atomic_dev25/SHARED/shared/C/Users/Administrator/Desktop/Projects/JAVA/sentinel.pay/sentinel.pay/src/main/java/com/github/sentinel/pay/application/dto/riskProfile/AccountDTO.java", "Java", 0, 0, 0, 0, 0, 8, 0, 0, 3, 11
"/run/media/atomic_dev25/SHARED/shared/C/Users/Administrator/Desktop/Projects/JAVA/sentinel.pay/sentinel.pay/src/main/java/com/github/sentinel/pay/application/dto/riskProfile/AccountSnapShot.java", "Java", 0, 0, 0, 0, 0, 8, 0, 0, 2, 10
"/run/media/atomic_dev25/SHARED/shared/C/Users/Administrator/Desktop/Projects/JAVA/sentinel.pay/sentinel.pay/src/main/java/com/github/sentinel/pay/application/dto/riskProfile/ProfileEvaluationDto.java", "Java", 0, 0, 0, 0, 0, 8, 0, 0, 2, 10
"/run/media/atomic_dev25/SHARED/shared/C/Users/Administrator/Desktop/Projects/JAVA/sentinel.pay/sentinel.pay/src/main/java/com/github/sentinel/pay/application/dto/riskProfile/RiskProfileDto.java", "Java", 0, 0, 0, 0, 0, 11, 0, 0, 4, 15
"/run/media/atomic_dev25/SHARED/shared/C/Users/Administrator/Desktop/Projects/JAVA/sentinel.pay/sentinel.pay/src/main/java/com/github/sentinel/pay/application/dto/transaction/TransactionDetails.java", "Java", 0, 0, 0, 0, 0, 15, 0, 0, 3, 18
"/run/media/atomic_dev25/SHARED/shared/C/Users/Administrator/Desktop/Projects/JAVA/sentinel.pay/sentinel.pay/src/main/java/com/github/sentinel/pay/application/dto/transaction/TransactionEvaluationResponseDto.java", "Java", 0, 0, 0, 0, 0, 11, 0, 0, 3, 14
"/run/media/atomic_dev25/SHARED/shared/C/Users/Administrator/Desktop/Projects/JAVA/sentinel.pay/sentinel.pay/src/main/java/com/github/sentinel/pay/application/dto/transaction/TransactionRequestDto.java", "Java", 0, 0, 0, 0, 0, 38, 0, 0, 13, 51
"/run/media/atomic_dev25/SHARED/shared/C/Users/Administrator/Desktop/Projects/JAVA/sentinel.pay/sentinel.pay/src/main/java/com/github/sentinel/pay/application/dto/user/MinimalUserInfoDto.java", "Java", 0, 0, 0, 0, 0, 13, 0, 0, 3, 16
"/run/media/atomic_dev25/SHARED/shared/C/Users/Administrator/Desktop/Projects/JAVA/sentinel.pay/sentinel.pay/src/main/java/com/github/sentinel/pay/application/dto/user/SettingInfoDto.java", "Java", 0, 0, 0, 0, 0, 9, 0, 0, 3, 12
"/run/media/atomic_dev25/SHARED/shared/C/Users/Administrator/Desktop/Projects/JAVA/sentinel.pay/sentinel.pay/src/main/java/com/github/sentinel/pay/application/dto/user/UserDto.java", "Java", 0, 0, 0, 0, 0, 15, 0, 0, 3, 18
"/run/media/atomic_dev25/SHARED/shared/C/Users/Administrator/Desktop/Projects/JAVA/sentinel.pay/sentinel.pay/src/main/java/com/github/sentinel/pay/application/exceptions/RestrictedAccountException.java", "Java", 0, 0, 0, 0, 0, 16, 0, 0, 7, 23
"/run/media/atomic_dev25/SHARED/shared/C/Users/Administrator/Desktop/Projects/JAVA/sentinel.pay/sentinel.pay/src/main/java/com/github/sentinel/pay/application/exceptions/TransactionAmountBelowZeroException.java", "Java", 0, 0, 0, 0, 0, 6, 0, 0, 3, 9
"/run/media/atomic_dev25/SHARED/shared/C/Users/Administrator/Desktop/Projects/JAVA/sentinel.pay/sentinel.pay/src/main/java/com/github/sentinel/pay/application/exceptions/UnauthorizedException.java", "Java", 0, 0, 0, 0, 0, 9, 0, 0, 4, 13
"/run/media/atomic_dev25/SHARED/shared/C/Users/Administrator/Desktop/Projects/JAVA/sentinel.pay/sentinel.pay/src/main/java/com/github/sentinel/pay/application/implementation/AuthServiceImpl.java", "Java", 0, 0, 0, 0, 0, 48, 0, 0, 12, 60
"/run/media/atomic_dev25/SHARED/shared/C/Users/Administrator/Desktop/Projects/JAVA/sentinel.pay/sentinel.pay/src/main/java/com/github/sentinel/pay/application/implementation/FraudDecisionServiceImpl.java", "Java", 0, 0, 0, 0, 0, 32, 0, 0, 7, 39
"/run/media/atomic_dev25/SHARED/shared/C/Users/Administrator/Desktop/Projects/JAVA/sentinel.pay/sentinel.pay/src/main/java/com/github/sentinel/pay/application/implementation/FraudIncidentServiceImpl.java", "Java", 0, 0, 0, 0, 0, 122, 0, 0, 27, 149
"/run/media/atomic_dev25/SHARED/shared/C/Users/Administrator/Desktop/Projects/JAVA/sentinel.pay/sentinel.pay/src/main/java/com/github/sentinel/pay/application/implementation/RiskProfileServiceImpl.java", "Java", 0, 0, 0, 0, 0, 42, 0, 3, 14, 59
"/run/media/atomic_dev25/SHARED/shared/C/Users/Administrator/Desktop/Projects/JAVA/sentinel.pay/sentinel.pay/src/main/java/com/github/sentinel/pay/application/implementation/TransactionServiceImpl.java", "Java", 0, 0, 0, 0, 0, 19, 0, 0, 6, 25
"/run/media/atomic_dev25/SHARED/shared/C/Users/Administrator/Desktop/Projects/JAVA/sentinel.pay/sentinel.pay/src/main/java/com/github/sentinel/pay/application/implementation/UserServiceImpl.java", "Java", 0, 0, 0, 0, 0, 33, 0, 1, 5, 39
"/run/media/atomic_dev25/SHARED/shared/C/Users/Administrator/Desktop/Projects/JAVA/sentinel.pay/sentinel.pay/src/main/java/com/github/sentinel/pay/application/implementation/interactors/CreateAdminUserInteractor.java", "Java", 0, 0, 0, 0, 0, 38, 0, 0, 6, 44
"/run/media/atomic_dev25/SHARED/shared/C/Users/Administrator/Desktop/Projects/JAVA/sentinel.pay/sentinel.pay/src/main/java/com/github/sentinel/pay/application/implementation/interactors/CreateApiKeyInteractor.java", "Java", 0, 0, 0, 0, 0, 39, 0, 1, 10, 50
"/run/media/atomic_dev25/SHARED/shared/C/Users/Administrator/Desktop/Projects/JAVA/sentinel.pay/sentinel.pay/src/main/java/com/github/sentinel/pay/application/implementation/interactors/DeleteApiKeyInteractor.java", "Java", 0, 0, 0, 0, 0, 21, 0, 1, 4, 26
"/run/media/atomic_dev25/SHARED/shared/C/Users/Administrator/Desktop/Projects/JAVA/sentinel.pay/sentinel.pay/src/main/java/com/github/sentinel/pay/application/implementation/interactors/EscalateFraudIncidentInteractor.java", "Java", 0, 0, 0, 0, 0, 21, 0, 0, 9, 30
"/run/media/atomic_dev25/SHARED/shared/C/Users/Administrator/Desktop/Projects/JAVA/sentinel.pay/sentinel.pay/src/main/java/com/github/sentinel/pay/application/implementation/interactors/EvaluateTransactionForFraudInteractor.java", "Java", 0, 0, 0, 0, 0, 175, 0, 19, 58, 252
"/run/media/atomic_dev25/SHARED/shared/C/Users/Administrator/Desktop/Projects/JAVA/sentinel.pay/sentinel.pay/src/main/java/com/github/sentinel/pay/application/implementation/interactors/GetDashBoardDataInteractor.java", "Java", 0, 0, 0, 0, 0, 93, 0, 0, 25, 118
"/run/media/atomic_dev25/SHARED/shared/C/Users/Administrator/Desktop/Projects/JAVA/sentinel.pay/sentinel.pay/src/main/java/com/github/sentinel/pay/application/implementation/interactors/GetDecisionDetailByDecisionIdInteractor.java", "Java", 0, 0, 0, 0, 0, 88, 0, 0, 11, 99
"/run/media/atomic_dev25/SHARED/shared/C/Users/Administrator/Desktop/Projects/JAVA/sentinel.pay/sentinel.pay/src/main/java/com/github/sentinel/pay/application/implementation/interactors/GetDecisionsByClientAccountIdInteractor.java", "Java", 0, 0, 0, 0, 0, 41, 0, 1, 7, 49
"/run/media/atomic_dev25/SHARED/shared/C/Users/Administrator/Desktop/Projects/JAVA/sentinel.pay/sentinel.pay/src/main/java/com/github/sentinel/pay/application/implementation/interactors/GetIncidentDetailsByIncidentIdInteractor.java", "Java", 0, 0, 0, 0, 0, 59, 0, 1, 9, 69
"/run/media/atomic_dev25/SHARED/shared/C/Users/Administrator/Desktop/Projects/JAVA/sentinel.pay/sentinel.pay/src/main/java/com/github/sentinel/pay/application/implementation/interactors/GetRiskProfileByAccountIdInteractor.java", "Java", 0, 0, 0, 0, 0, 50, 0, 0, 7, 57
"/run/media/atomic_dev25/SHARED/shared/C/Users/Administrator/Desktop/Projects/JAVA/sentinel.pay/sentinel.pay/src/main/java/com/github/sentinel/pay/application/implementation/interactors/GetUserInfoForSideBarInteractor.java", "Java", 0, 0, 0, 0, 0, 23, 0, 0, 8, 31
"/run/media/atomic_dev25/SHARED/shared/C/Users/Administrator/Desktop/Projects/JAVA/sentinel.pay/sentinel.pay/src/main/java/com/github/sentinel/pay/application/implementation/interactors/ListAllFraudIncidentsByTenantInteractor.java", "Java", 0, 0, 0, 0, 0, 37, 0, 0, 5, 42
"/run/media/atomic_dev25/SHARED/shared/C/Users/Administrator/Desktop/Projects/JAVA/sentinel.pay/sentinel.pay/src/main/java/com/github/sentinel/pay/application/implementation/interactors/ListApiKeyByUserIdInteractor.java", "Java", 0, 0, 0, 0, 0, 15, 0, 0, 5, 20
"/run/media/atomic_dev25/SHARED/shared/C/Users/Administrator/Desktop/Projects/JAVA/sentinel.pay/sentinel.pay/src/main/java/com/github/sentinel/pay/application/implementation/interactors/ListFraudIncidentsByAccountInteractor.java", "Java", 0, 0, 0, 0, 0, 13, 0, 0, 4, 17
"/run/media/atomic_dev25/SHARED/shared/C/Users/Administrator/Desktop/Projects/JAVA/sentinel.pay/sentinel.pay/src/main/java/com/github/sentinel/pay/application/implementation/interactors/LoadClienAccountIdDataInteractor.java", "Java", 0, 0, 0, 0, 0, 50, 0, 1, 4, 55
"/run/media/atomic_dev25/SHARED/shared/C/Users/Administrator/Desktop/Projects/JAVA/sentinel.pay/sentinel.pay/src/main/java/com/github/sentinel/pay/application/implementation/interactors/OpenFraudIncidentInteractor.java", "Java", 0, 0, 0, 0, 0, 36, 0, 0, 10, 46
"/run/media/atomic_dev25/SHARED/shared/C/Users/Administrator/Desktop/Projects/JAVA/sentinel.pay/sentinel.pay/src/main/java/com/github/sentinel/pay/application/implementation/interactors/ResolveFraudIncidentInteractor.java", "Java", 0, 0, 0, 0, 0, 15, 0, 0, 6, 21
"/run/media/atomic_dev25/SHARED/shared/C/Users/Administrator/Desktop/Projects/JAVA/sentinel.pay/sentinel.pay/src/main/java/com/github/sentinel/pay/application/implementation/interactors/UpdateAccountRiskProfileInteractor.java", "Java", 0, 0, 0, 0, 0, 19, 0, 0, 9, 28
"/run/media/atomic_dev25/SHARED/shared/C/Users/Administrator/Desktop/Projects/JAVA/sentinel.pay/sentinel.pay/src/main/java/com/github/sentinel/pay/application/implementation/interactors/UpdateDecisionInteractor.java", "Java", 0, 0, 0, 0, 0, 16, 0, 0, 7, 23
"/run/media/atomic_dev25/SHARED/shared/C/Users/Administrator/Desktop/Projects/JAVA/sentinel.pay/sentinel.pay/src/main/java/com/github/sentinel/pay/application/implementation/interactors/UpdateUserInteractor.java", "Java", 0, 0, 0, 0, 0, 15, 0, 0, 5, 20
"/run/media/atomic_dev25/SHARED/shared/C/Users/Administrator/Desktop/Projects/JAVA/sentinel.pay/sentinel.pay/src/main/java/com/github/sentinel/pay/application/mapper/ProfileBreakDownMapper.java", "Java", 0, 0, 0, 0, 0, 13, 0, 0, 5, 18
"/run/media/atomic_dev25/SHARED/shared/C/Users/Administrator/Desktop/Projects/JAVA/sentinel.pay/sentinel.pay/src/main/java/com/github/sentinel/pay/application/port/FraudNotificationPort.java", "Java", 0, 0, 0, 0, 0, 6, 0, 0, 4, 10
"/run/media/atomic_dev25/SHARED/shared/C/Users/Administrator/Desktop/Projects/JAVA/sentinel.pay/sentinel.pay/src/main/java/com/github/sentinel/pay/application/services/AuthService.java", "Java", 0, 0, 0, 0, 0, 7, 0, 0, 3, 10
"/run/media/atomic_dev25/SHARED/shared/C/Users/Administrator/Desktop/Projects/JAVA/sentinel.pay/sentinel.pay/src/main/java/com/github/sentinel/pay/application/services/FraudDecisionService.java", "Java", 0, 0, 0, 0, 0, 8, 0, 0, 3, 11
"/run/media/atomic_dev25/SHARED/shared/C/Users/Administrator/Desktop/Projects/JAVA/sentinel.pay/sentinel.pay/src/main/java/com/github/sentinel/pay/application/services/FraudIncidentService.java", "Java", 0, 0, 0, 0, 0, 12, 0, 0, 4, 16
"/run/media/atomic_dev25/SHARED/shared/C/Users/Administrator/Desktop/Projects/JAVA/sentinel.pay/sentinel.pay/src/main/java/com/github/sentinel/pay/application/services/RiskProfileService.java", "Java", 0, 0, 0, 0, 0, 7, 0, 0, 3, 10
"/run/media/atomic_dev25/SHARED/shared/C/Users/Administrator/Desktop/Projects/JAVA/sentinel.pay/sentinel.pay/src/main/java/com/github/sentinel/pay/application/services/TransactionService.java", "Java", 0, 0, 0, 0, 0, 5, 0, 0, 3, 8
"/run/media/atomic_dev25/SHARED/shared/C/Users/Administrator/Desktop/Projects/JAVA/sentinel.pay/sentinel.pay/src/main/java/com/github/sentinel/pay/application/services/UserService.java", "Java", 0, 0, 0, 0, 0, 5, 0, 0, 3, 8
"/run/media/atomic_dev25/SHARED/shared/C/Users/Administrator/Desktop/Projects/JAVA/sentinel.pay/sentinel.pay/src/main/java/com/github/sentinel/pay/application/usecases/CreateAdminUserUseCase.java", "Java", 0, 0, 0, 0, 0, 4, 0, 0, 2, 6
"/run/media/atomic_dev25/SHARED/shared/C/Users/Administrator/Desktop/Projects/JAVA/sentinel.pay/sentinel.pay/src/main/java/com/github/sentinel/pay/application/usecases/CreateApiKeyUseCase.java", "Java", 0, 0, 0, 0, 0, 5, 0, 0, 3, 8
"/run/media/atomic_dev25/SHARED/shared/C/Users/Administrator/Desktop/Projects/JAVA/sentinel.pay/sentinel.pay/src/main/java/com/github/sentinel/pay/application/usecases/DeleteApiKeyUseCase.java", "Java", 0, 0, 0, 0, 0, 5, 0, 0, 3, 8
"/run/media/atomic_dev25/SHARED/shared/C/Users/Administrator/Desktop/Projects/JAVA/sentinel.pay/sentinel.pay/src/main/java/com/github/sentinel/pay/application/usecases/EscalateFraudIncidentUseCase.java", "Java", 0, 0, 0, 0, 0, 5, 0, 0, 5, 10
"/run/media/atomic_dev25/SHARED/shared/C/Users/Administrator/Desktop/Projects/JAVA/sentinel.pay/sentinel.pay/src/main/java/com/github/sentinel/pay/application/usecases/EvaluateTransactionForFraudUseCase.java", "Java", 0, 0, 0, 0, 0, 6, 0, 0, 4, 10
"/run/media/atomic_dev25/SHARED/shared/C/Users/Administrator/Desktop/Projects/JAVA/sentinel.pay/sentinel.pay/src/main/java/com/github/sentinel/pay/application/usecases/GetDashBoardDataUseCase.java", "Java", 0, 0, 0, 0, 0, 5, 0, 0, 3, 8
"/run/media/atomic_dev25/SHARED/shared/C/Users/Administrator/Desktop/Projects/JAVA/sentinel.pay/sentinel.pay/src/main/java/com/github/sentinel/pay/application/usecases/GetDecisionDetailByDecisionIdUseCase.java", "Java", 0, 0, 0, 0, 0, 6, 0, 0, 4, 10
"/run/media/atomic_dev25/SHARED/shared/C/Users/Administrator/Desktop/Projects/JAVA/sentinel.pay/sentinel.pay/src/main/java/com/github/sentinel/pay/application/usecases/GetDecisionsByClientAccountIdUseCase.java", "Java", 0, 0, 0, 0, 0, 7, 0, 0, 4, 11
"/run/media/atomic_dev25/SHARED/shared/C/Users/Administrator/Desktop/Projects/JAVA/sentinel.pay/sentinel.pay/src/main/java/com/github/sentinel/pay/application/usecases/GetFraudIncidentByIdUseCase.java", "Java", 0, 0, 0, 0, 0, 3, 0, 0, 2, 5
"/run/media/atomic_dev25/SHARED/shared/C/Users/Administrator/Desktop/Projects/JAVA/sentinel.pay/sentinel.pay/src/main/java/com/github/sentinel/pay/application/usecases/GetIncidentDetailsByIncidentIdUseCase.java", "Java", 0, 0, 0, 0, 0, 6, 0, 0, 3, 9
"/run/media/atomic_dev25/SHARED/shared/C/Users/Administrator/Desktop/Projects/JAVA/sentinel.pay/sentinel.pay/src/main/java/com/github/sentinel/pay/application/usecases/GetRiskProfileByAccountIdUseCase.java", "Java", 0, 0, 0, 0, 0, 5, 0, 0, 3, 8
"/run/media/atomic_dev25/SHARED/shared/C/Users/Administrator/Desktop/Projects/JAVA/sentinel.pay/sentinel.pay/src/main/java/com/github/sentinel/pay/application/usecases/GetUserInfoForSideBarUseCase.java", "Java", 0, 0, 0, 0, 0, 5, 0, 0, 3, 8
"/run/media/atomic_dev25/SHARED/shared/C/Users/Administrator/Desktop/Projects/JAVA/sentinel.pay/sentinel.pay/src/main/java/com/github/sentinel/pay/application/usecases/ListAllFraudIncidentsByTenantUseCase.java", "Java", 0, 0, 0, 0, 0, 6, 0, 0, 4, 10
"/run/media/atomic_dev25/SHARED/shared/C/Users/Administrator/Desktop/Projects/JAVA/sentinel.pay/sentinel.pay/src/main/java/com/github/sentinel/pay/application/usecases/ListApiKeyByUserIdUseCase.java", "Java", 0, 0, 0, 0, 0, 7, 0, 0, 4, 11
"/run/media/atomic_dev25/SHARED/shared/C/Users/Administrator/Desktop/Projects/JAVA/sentinel.pay/sentinel.pay/src/main/java/com/github/sentinel/pay/application/usecases/ListFraudIncidentsByAccountUseCase.java", "Java", 0, 0, 0, 0, 0, 7, 0, 0, 4, 11
"/run/media/atomic_dev25/SHARED/shared/C/Users/Administrator/Desktop/Projects/JAVA/sentinel.pay/sentinel.pay/src/main/java/com/github/sentinel/pay/application/usecases/ListFraudIncidentsByIncidentIdUseCase.java", "Java", 0, 0, 0, 0, 0, 3, 0, 0, 2, 5
"/run/media/atomic_dev25/SHARED/shared/C/Users/Administrator/Desktop/Projects/JAVA/sentinel.pay/sentinel.pay/src/main/java/com/github/sentinel/pay/application/usecases/LoadClienAccountIdDataUseCase.java", "Java", 0, 0, 0, 0, 0, 5, 0, 0, 3, 8
"/run/media/atomic_dev25/SHARED/shared/C/Users/Administrator/Desktop/Projects/JAVA/sentinel.pay/sentinel.pay/src/main/java/com/github/sentinel/pay/application/usecases/OpenFraudIncidentUseCase.java", "Java", 0, 0, 0, 0, 0, 6, 0, 0, 5, 11
"/run/media/atomic_dev25/SHARED/shared/C/Users/Administrator/Desktop/Projects/JAVA/sentinel.pay/sentinel.pay/src/main/java/com/github/sentinel/pay/application/usecases/ResolveFraudIncidentUseCase.java", "Java", 0, 0, 0, 0, 0, 5, 0, 0, 5, 10
"/run/media/atomic_dev25/SHARED/shared/C/Users/Administrator/Desktop/Projects/JAVA/sentinel.pay/sentinel.pay/src/main/java/com/github/sentinel/pay/application/usecases/UpdateAccountRiskProfileUseCase.java", "Java", 0, 0, 0, 0, 0, 5, 0, 0, 3, 8
"/run/media/atomic_dev25/SHARED/shared/C/Users/Administrator/Desktop/Projects/JAVA/sentinel.pay/sentinel.pay/src/main/java/com/github/sentinel/pay/application/usecases/UpdateDecisionUseCase.java", "Java", 0, 0, 0, 0, 0, 6, 0, 0, 5, 11
"/run/media/atomic_dev25/SHARED/shared/C/Users/Administrator/Desktop/Projects/JAVA/sentinel.pay/sentinel.pay/src/main/java/com/github/sentinel/pay/application/usecases/UpdateUserUseCase.java", "Java", 0, 0, 0, 0, 0, 5, 0, 0, 5, 10
"/run/media/atomic_dev25/SHARED/shared/C/Users/Administrator/Desktop/Projects/JAVA/sentinel.pay/sentinel.pay/src/main/java/com/github/sentinel/pay/domain/README.md", "Markdown", 17, 0, 0, 0, 0, 0, 0, 0, 10, 27
"/run/media/atomic_dev25/SHARED/shared/C/Users/Administrator/Desktop/Projects/JAVA/sentinel.pay/sentinel.pay/src/main/java/com/github/sentinel/pay/domain/entity/accountRiskProfile/AccountRiskProfile.java", "Java", 0, 0, 0, 0, 0, 67, 0, 1, 18, 86
"/run/media/atomic_dev25/SHARED/shared/C/Users/Administrator/Desktop/Projects/JAVA/sentinel.pay/sentinel.pay/src/main/java/com/github/sentinel/pay/domain/entity/accountRiskProfile/CurrencyProfile.java", "Java", 0, 0, 0, 0, 0, 62, 0, 0, 13, 75
"/run/media/atomic_dev25/SHARED/shared/C/Users/Administrator/Desktop/Projects/JAVA/sentinel.pay/sentinel.pay/src/main/java/com/github/sentinel/pay/domain/entity/accountRiskProfile/IncidentStatistics.java", "Java", 0, 0, 0, 0, 0, 33, 0, 0, 13, 46
"/run/media/atomic_dev25/SHARED/shared/C/Users/Administrator/Desktop/Projects/JAVA/sentinel.pay/sentinel.pay/src/main/java/com/github/sentinel/pay/domain/entity/accountRiskProfile/LocationProfile.java", "Java", 0, 0, 0, 0, 0, 56, 0, 0, 17, 73
"/run/media/atomic_dev25/SHARED/shared/C/Users/Administrator/Desktop/Projects/JAVA/sentinel.pay/sentinel.pay/src/main/java/com/github/sentinel/pay/domain/entity/accountRiskProfile/MonetaryProfile.java", "Java", 0, 0, 0, 0, 0, 62, 0, 1, 10, 73
"/run/media/atomic_dev25/SHARED/shared/C/Users/Administrator/Desktop/Projects/JAVA/sentinel.pay/sentinel.pay/src/main/java/com/github/sentinel/pay/domain/entity/accountRiskProfile/RiskLevelPolicy.java", "Java", 0, 0, 0, 0, 0, 35, 0, 0, 15, 50
"/run/media/atomic_dev25/SHARED/shared/C/Users/Administrator/Desktop/Projects/JAVA/sentinel.pay/sentinel.pay/src/main/java/com/github/sentinel/pay/domain/entity/accountRiskProfile/RiskProfileId.java", "Java", 0, 0, 0, 0, 0, 9, 0, 0, 3, 12
"/run/media/atomic_dev25/SHARED/shared/C/Users/Administrator/Desktop/Projects/JAVA/sentinel.pay/sentinel.pay/src/main/java/com/github/sentinel/pay/domain/entity/accountRiskProfile/VelocityProfile.java", "Java", 0, 0, 0, 0, 0, 64, 0, 0, 19, 83
"/run/media/atomic_dev25/SHARED/shared/C/Users/Administrator/Desktop/Projects/JAVA/sentinel.pay/sentinel.pay/src/main/java/com/github/sentinel/pay/domain/entity/accountRiskProfile/deprecated/AverageAmount.java", "Java", 0, 0, 0, 0, 0, 19, 0, 0, 5, 24
"/run/media/atomic_dev25/SHARED/shared/C/Users/Administrator/Desktop/Projects/JAVA/sentinel.pay/sentinel.pay/src/main/java/com/github/sentinel/pay/domain/entity/accountRiskProfile/deprecated/AverageCurrencyTransaction.java", "Java", 0, 0, 0, 0, 0, 19, 0, 0, 7, 26
"/run/media/atomic_dev25/SHARED/shared/C/Users/Administrator/Desktop/Projects/JAVA/sentinel.pay/sentinel.pay/src/main/java/com/github/sentinel/pay/domain/entity/accountRiskProfile/deprecated/AverageRiskScore.java", "Java", 0, 0, 0, 0, 0, 15, 0, 0, 3, 18
"/run/media/atomic_dev25/SHARED/shared/C/Users/Administrator/Desktop/Projects/JAVA/sentinel.pay/sentinel.pay/src/main/java/com/github/sentinel/pay/domain/entity/accountRiskProfile/deprecated/DailyTransactionCount.java", "Java", 0, 0, 0, 0, 0, 16, 0, 0, 4, 20
"/run/media/atomic_dev25/SHARED/shared/C/Users/Administrator/Desktop/Projects/JAVA/sentinel.pay/sentinel.pay/src/main/java/com/github/sentinel/pay/domain/entity/accountRiskProfile/deprecated/TransactionActivity.java", "Java", 0, 0, 0, 0, 0, 4, 0, 30, 6, 40
"/run/media/atomic_dev25/SHARED/shared/C/Users/Administrator/Desktop/Projects/JAVA/sentinel.pay/sentinel.pay/src/main/java/com/github/sentinel/pay/domain/entity/accountRiskProfile/deprecated/UsualTransactionLocation.java", "Java", 0, 0, 0, 0, 0, 22, 0, 0, 4, 26
"/run/media/atomic_dev25/SHARED/shared/C/Users/Administrator/Desktop/Projects/JAVA/sentinel.pay/sentinel.pay/src/main/java/com/github/sentinel/pay/domain/entity/audit/ActorType.java", "Java", 0, 0, 0, 0, 0, 6, 0, 0, 2, 8
"/run/media/atomic_dev25/SHARED/shared/C/Users/Administrator/Desktop/Projects/JAVA/sentinel.pay/sentinel.pay/src/main/java/com/github/sentinel/pay/domain/entity/audit/AuditAction.java", "Java", 0, 0, 0, 0, 0, 8, 0, 0, 1, 9
"/run/media/atomic_dev25/SHARED/shared/C/Users/Administrator/Desktop/Projects/JAVA/sentinel.pay/sentinel.pay/src/main/java/com/github/sentinel/pay/domain/entity/audit/AuditEntityType.java", "Java", 0, 0, 0, 0, 0, 6, 0, 0, 2, 8
"/run/media/atomic_dev25/SHARED/shared/C/Users/Administrator/Desktop/Projects/JAVA/sentinel.pay/sentinel.pay/src/main/java/com/github/sentinel/pay/domain/entity/audit/AuditEntry.java", "Java", 0, 0, 0, 0, 0, 79, 0, 0, 9, 88
"/run/media/atomic_dev25/SHARED/shared/C/Users/Administrator/Desktop/Projects/JAVA/sentinel.pay/sentinel.pay/src/main/java/com/github/sentinel/pay/domain/entity/audit/AuditLog.java", "Java", 0, 0, 0, 0, 0, 23, 0, 0, 5, 28
"/run/media/atomic_dev25/SHARED/shared/C/Users/Administrator/Desktop/Projects/JAVA/sentinel.pay/sentinel.pay/src/main/java/com/github/sentinel/pay/domain/entity/audit/AuditLogId.java", "Java", 0, 0, 0, 0, 0, 4, 0, 0, 3, 7
"/run/media/atomic_dev25/SHARED/shared/C/Users/Administrator/Desktop/Projects/JAVA/sentinel.pay/sentinel.pay/src/main/java/com/github/sentinel/pay/domain/entity/audit/AuditReason.java", "Java", 0, 0, 0, 0, 0, 6, 0, 0, 2, 8
"/run/media/atomic_dev25/SHARED/shared/C/Users/Administrator/Desktop/Projects/JAVA/sentinel.pay/sentinel.pay/src/main/java/com/github/sentinel/pay/domain/entity/audit/AuditSnapshot.java", "Java", 0, 0, 0, 0, 0, 42, 0, 1, 5, 48
"/run/media/atomic_dev25/SHARED/shared/C/Users/Administrator/Desktop/Projects/JAVA/sentinel.pay/sentinel.pay/src/main/java/com/github/sentinel/pay/domain/entity/audit/ReasonCode.java", "Java", 0, 0, 0, 0, 0, 4, 0, 0, 2, 6
"/run/media/atomic_dev25/SHARED/shared/C/Users/Administrator/Desktop/Projects/JAVA/sentinel.pay/sentinel.pay/src/main/java/com/github/sentinel/pay/domain/entity/audit/reasonCode/DecisionAuditReasons.java", "Java", 0, 0, 0, 0, 0, 11, 0, 0, 4, 15
"/run/media/atomic_dev25/SHARED/shared/C/Users/Administrator/Desktop/Projects/JAVA/sentinel.pay/sentinel.pay/src/main/java/com/github/sentinel/pay/domain/entity/audit/reasonCode/IncidentAuditReasons.java", "Java", 0, 0, 0, 0, 0, 14, 0, 0, 5, 19
"/run/media/atomic_dev25/SHARED/shared/C/Users/Administrator/Desktop/Projects/JAVA/sentinel.pay/sentinel.pay/src/main/java/com/github/sentinel/pay/domain/entity/audit/snapshots/SnapshotKind.java", "Java", 0, 0, 0, 0, 0, 5, 0, 0, 3, 8
"/run/media/atomic_dev25/SHARED/shared/C/Users/Administrator/Desktop/Projects/JAVA/sentinel.pay/sentinel.pay/src/main/java/com/github/sentinel/pay/domain/entity/audit/snapshots/SnapshotResourceType.java", "Java", 0, 0, 0, 0, 0, 7, 0, 0, 3, 10
"/run/media/atomic_dev25/SHARED/shared/C/Users/Administrator/Desktop/Projects/JAVA/sentinel.pay/sentinel.pay/src/main/java/com/github/sentinel/pay/domain/entity/audit/snapshots/SnapshotVersion.java", "Java", 0, 0, 0, 0, 0, 7, 0, 0, 3, 10
"/run/media/atomic_dev25/SHARED/shared/C/Users/Administrator/Desktop/Projects/JAVA/sentinel.pay/sentinel.pay/src/main/java/com/github/sentinel/pay/domain/entity/auth/apiKey/ApiKey.java", "Java", 0, 0, 0, 0, 0, 47, 0, 0, 8, 55
"/run/media/atomic_dev25/SHARED/shared/C/Users/Administrator/Desktop/Projects/JAVA/sentinel.pay/sentinel.pay/src/main/java/com/github/sentinel/pay/domain/entity/auth/apiKey/ApiKeyId.java", "Java", 0, 0, 0, 0, 0, 4, 0, 0, 3, 7
"/run/media/atomic_dev25/SHARED/shared/C/Users/Administrator/Desktop/Projects/JAVA/sentinel.pay/sentinel.pay/src/main/java/com/github/sentinel/pay/domain/entity/auth/apiKey/ApiKeyStatus.java", "Java", 0, 0, 0, 0, 0, 5, 0, 0, 2, 7
"/run/media/atomic_dev25/SHARED/shared/C/Users/Administrator/Desktop/Projects/JAVA/sentinel.pay/sentinel.pay/src/main/java/com/github/sentinel/pay/domain/entity/auth/apiKey/ApiScope.java", "Java", 0, 0, 0, 0, 0, 9, 0, 0, 2, 11
"/run/media/atomic_dev25/SHARED/shared/C/Users/Administrator/Desktop/Projects/JAVA/sentinel.pay/sentinel.pay/src/main/java/com/github/sentinel/pay/domain/entity/auth/user/User.java", "Java", 0, 0, 0, 0, 0, 26, 0, 0, 10, 36
"/run/media/atomic_dev25/SHARED/shared/C/Users/Administrator/Desktop/Projects/JAVA/sentinel.pay/sentinel.pay/src/main/java/com/github/sentinel/pay/domain/entity/auth/user/UserId.java", "Java", 0, 0, 0, 0, 0, 4, 0, 0, 3, 7
"/run/media/atomic_dev25/SHARED/shared/C/Users/Administrator/Desktop/Projects/JAVA/sentinel.pay/sentinel.pay/src/main/java/com/github/sentinel/pay/domain/entity/auth/user/UserPrincipal.java", "Java", 0, 0, 0, 0, 0, 9, 0, 0, 4, 13
"/run/media/atomic_dev25/SHARED/shared/C/Users/Administrator/Desktop/Projects/JAVA/sentinel.pay/sentinel.pay/src/main/java/com/github/sentinel/pay/domain/entity/auth/user/UserRole.java", "Java", 0, 0, 0, 0, 0, 7, 0, 0, 4, 11
"/run/media/atomic_dev25/SHARED/shared/C/Users/Administrator/Desktop/Projects/JAVA/sentinel.pay/sentinel.pay/src/main/java/com/github/sentinel/pay/domain/entity/fraudDecision/FraudDecision.java", "Java", 0, 0, 0, 0, 0, 35, 0, 0, 5, 40
"/run/media/atomic_dev25/SHARED/shared/C/Users/Administrator/Desktop/Projects/JAVA/sentinel.pay/sentinel.pay/src/main/java/com/github/sentinel/pay/domain/entity/fraudDecision/FraudDecisionId.java", "Java", 0, 0, 0, 0, 0, 14, 0, 0, 3, 17
"/run/media/atomic_dev25/SHARED/shared/C/Users/Administrator/Desktop/Projects/JAVA/sentinel.pay/sentinel.pay/src/main/java/com/github/sentinel/pay/domain/entity/fraudDecision/FraudDecisionType.java", "Java", 0, 0, 0, 0, 0, 7, 0, 0, 2, 9
"/run/media/atomic_dev25/SHARED/shared/C/Users/Administrator/Desktop/Projects/JAVA/sentinel.pay/sentinel.pay/src/main/java/com/github/sentinel/pay/domain/entity/fraudIncident/FraudIncident.java", "Java", 0, 0, 0, 0, 0, 63, 0, 0, 11, 74
"/run/media/atomic_dev25/SHARED/shared/C/Users/Administrator/Desktop/Projects/JAVA/sentinel.pay/sentinel.pay/src/main/java/com/github/sentinel/pay/domain/entity/fraudIncident/FraudIncidentId.java", "Java", 0, 0, 0, 0, 0, 13, 0, 0, 5, 18
"/run/media/atomic_dev25/SHARED/shared/C/Users/Administrator/Desktop/Projects/JAVA/sentinel.pay/sentinel.pay/src/main/java/com/github/sentinel/pay/domain/entity/fraudIncident/FraudIncidentStatus.java", "Java", 0, 0, 0, 0, 0, 53, 0, 0, 13, 66
"/run/media/atomic_dev25/SHARED/shared/C/Users/Administrator/Desktop/Projects/JAVA/sentinel.pay/sentinel.pay/src/main/java/com/github/sentinel/pay/domain/entity/fraudIncident/FraudIncidentStatusPolicy.java", "Java", 0, 0, 0, 0, 0, 12, 0, 0, 3, 15
"/run/media/atomic_dev25/SHARED/shared/C/Users/Administrator/Desktop/Projects/JAVA/sentinel.pay/sentinel.pay/src/main/java/com/github/sentinel/pay/domain/entity/fraudRules/AccessOutsideOfOpeningHoursFraudRule.java", "Java", 0, 0, 0, 0, 0, 10, 0, 4, 7, 21
"/run/media/atomic_dev25/SHARED/shared/C/Users/Administrator/Desktop/Projects/JAVA/sentinel.pay/sentinel.pay/src/main/java/com/github/sentinel/pay/domain/entity/fraudRules/FraudRule.java", "Java", 0, 0, 0, 0, 0, 7, 0, 0, 3, 10
"/run/media/atomic_dev25/SHARED/shared/C/Users/Administrator/Desktop/Projects/JAVA/sentinel.pay/sentinel.pay/src/main/java/com/github/sentinel/pay/domain/entity/fraudRules/HighRiskAndRemoteTransactionFraudRule.java", "Java", 0, 0, 0, 0, 0, 17, 0, 0, 3, 20
"/run/media/atomic_dev25/SHARED/shared/C/Users/Administrator/Desktop/Projects/JAVA/sentinel.pay/sentinel.pay/src/main/java/com/github/sentinel/pay/domain/entity/fraudRules/TransactionAmountFraudRule.java", "Java", 0, 0, 0, 0, 0, 17, 0, 9, 6, 32
"/run/media/atomic_dev25/SHARED/shared/C/Users/Administrator/Desktop/Projects/JAVA/sentinel.pay/sentinel.pay/src/main/java/com/github/sentinel/pay/domain/entity/fraudRules/TransactionVelocityFraudRule.java", "Java", 0, 0, 0, 0, 0, 17, 0, 4, 6, 27
"/run/media/atomic_dev25/SHARED/shared/C/Users/Administrator/Desktop/Projects/JAVA/sentinel.pay/sentinel.pay/src/main/java/com/github/sentinel/pay/domain/entity/fraudRules/UnusualCurrencyFraudRule.java", "Java", 0, 0, 0, 0, 0, 17, 0, 0, 4, 21
"/run/media/atomic_dev25/SHARED/shared/C/Users/Administrator/Desktop/Projects/JAVA/sentinel.pay/sentinel.pay/src/main/java/com/github/sentinel/pay/domain/entity/fraudRules/UnusualLocationFraudRule.java", "Java", 0, 0, 0, 0, 0, 17, 0, 0, 3, 20
"/run/media/atomic_dev25/SHARED/shared/C/Users/Administrator/Desktop/Projects/JAVA/sentinel.pay/sentinel.pay/src/main/java/com/github/sentinel/pay/domain/entity/risk/FraudSignal.java", "Java", 0, 0, 0, 0, 0, 25, 0, 9, 3, 37
"/run/media/atomic_dev25/SHARED/shared/C/Users/Administrator/Desktop/Projects/JAVA/sentinel.pay/sentinel.pay/src/main/java/com/github/sentinel/pay/domain/entity/risk/RiskImpactScale.java", "Java", 0, 0, 0, 0, 0, 11, 0, 0, 1, 12
"/run/media/atomic_dev25/SHARED/shared/C/Users/Administrator/Desktop/Projects/JAVA/sentinel.pay/sentinel.pay/src/main/java/com/github/sentinel/pay/domain/entity/risk/RiskLevel.java", "Java", 0, 0, 0, 0, 0, 7, 0, 5, 3, 15
"/run/media/atomic_dev25/SHARED/shared/C/Users/Administrator/Desktop/Projects/JAVA/sentinel.pay/sentinel.pay/src/main/java/com/github/sentinel/pay/domain/entity/risk/RiskMagnitude.java", "Java", 0, 0, 0, 0, 0, 11, 0, 0, 2, 13
"/run/media/atomic_dev25/SHARED/shared/C/Users/Administrator/Desktop/Projects/JAVA/sentinel.pay/sentinel.pay/src/main/java/com/github/sentinel/pay/domain/entity/risk/RiskScore.java", "Java", 0, 0, 0, 0, 0, 23, 0, 12, 8, 43
"/run/media/atomic_dev25/SHARED/shared/C/Users/Administrator/Desktop/Projects/JAVA/sentinel.pay/sentinel.pay/src/main/java/com/github/sentinel/pay/domain/entity/risk/RiskSignal.java", "Java", 0, 0, 0, 0, 0, 6, 0, 0, 2, 8
"/run/media/atomic_dev25/SHARED/shared/C/Users/Administrator/Desktop/Projects/JAVA/sentinel.pay/sentinel.pay/src/main/java/com/github/sentinel/pay/domain/entity/risk/RiskType.java", "Java", 0, 0, 0, 0, 0, 7, 0, 0, 2, 9
"/run/media/atomic_dev25/SHARED/shared/C/Users/Administrator/Desktop/Projects/JAVA/sentinel.pay/sentinel.pay/src/main/java/com/github/sentinel/pay/domain/entity/risk/RiskWeightPolicy.java", "Java", 0, 0, 0, 0, 0, 13, 0, 0, 5, 18
"/run/media/atomic_dev25/SHARED/shared/C/Users/Administrator/Desktop/Projects/JAVA/sentinel.pay/sentinel.pay/src/main/java/com/github/sentinel/pay/domain/entity/shared/AccountId.java", "Java", 0, 0, 0, 0, 0, 9, 0, 0, 4, 13
"/run/media/atomic_dev25/SHARED/shared/C/Users/Administrator/Desktop/Projects/JAVA/sentinel.pay/sentinel.pay/src/main/java/com/github/sentinel/pay/domain/entity/shared/ClientAccountId.java", "Java", 0, 0, 0, 0, 0, 10, 0, 0, 4, 14
"/run/media/atomic_dev25/SHARED/shared/C/Users/Administrator/Desktop/Projects/JAVA/sentinel.pay/sentinel.pay/src/main/java/com/github/sentinel/pay/domain/entity/shared/Currency.java", "Java", 0, 0, 0, 0, 0, 8, 0, 0, 6, 14
"/run/media/atomic_dev25/SHARED/shared/C/Users/Administrator/Desktop/Projects/JAVA/sentinel.pay/sentinel.pay/src/main/java/com/github/sentinel/pay/domain/entity/shared/Location.java", "Java", 0, 0, 0, 0, 0, 19, 0, 0, 4, 23
"/run/media/atomic_dev25/SHARED/shared/C/Users/Administrator/Desktop/Projects/JAVA/sentinel.pay/sentinel.pay/src/main/java/com/github/sentinel/pay/domain/entity/transaction/Channel.java", "Java", 0, 0, 0, 0, 0, 24, 0, 0, 9, 33
"/run/media/atomic_dev25/SHARED/shared/C/Users/Administrator/Desktop/Projects/JAVA/sentinel.pay/sentinel.pay/src/main/java/com/github/sentinel/pay/domain/entity/transaction/Money.java", "Java", 0, 0, 0, 0, 0, 30, 0, 0, 10, 40
"/run/media/atomic_dev25/SHARED/shared/C/Users/Administrator/Desktop/Projects/JAVA/sentinel.pay/sentinel.pay/src/main/java/com/github/sentinel/pay/domain/entity/transaction/Transaction.java", "Java", 0, 0, 0, 0, 0, 29, 0, 0, 11, 40
"/run/media/atomic_dev25/SHARED/shared/C/Users/Administrator/Desktop/Projects/JAVA/sentinel.pay/sentinel.pay/src/main/java/com/github/sentinel/pay/domain/entity/transaction/TransactionId.java", "Java", 0, 0, 0, 0, 0, 9, 0, 0, 4, 13
"/run/media/atomic_dev25/SHARED/shared/C/Users/Administrator/Desktop/Projects/JAVA/sentinel.pay/sentinel.pay/src/main/java/com/github/sentinel/pay/domain/entity/transaction/TransactionType.java", "Java", 0, 0, 0, 0, 0, 30, 0, 8, 11, 49
"/run/media/atomic_dev25/SHARED/shared/C/Users/Administrator/Desktop/Projects/JAVA/sentinel.pay/sentinel.pay/src/main/java/com/github/sentinel/pay/domain/policies/AuditReasonPolicy.java", "Java", 0, 0, 0, 0, 0, 21, 0, 2, 3, 26
"/run/media/atomic_dev25/SHARED/shared/C/Users/Administrator/Desktop/Projects/JAVA/sentinel.pay/sentinel.pay/src/main/java/com/github/sentinel/pay/domain/policies/FraudDecisionPolicy.java", "Java", 0, 0, 0, 0, 0, 14, 0, 0, 4, 18
"/run/media/atomic_dev25/SHARED/shared/C/Users/Administrator/Desktop/Projects/JAVA/sentinel.pay/sentinel.pay/src/main/java/com/github/sentinel/pay/domain/repository/ApiKeyRepository.java", "Java", 0, 0, 0, 0, 0, 13, 0, 0, 4, 17
"/run/media/atomic_dev25/SHARED/shared/C/Users/Administrator/Desktop/Projects/JAVA/sentinel.pay/sentinel.pay/src/main/java/com/github/sentinel/pay/domain/repository/AuditAppenderRepository.java", "Java", 0, 0, 0, 0, 0, 10, 0, 0, 5, 15
"/run/media/atomic_dev25/SHARED/shared/C/Users/Administrator/Desktop/Projects/JAVA/sentinel.pay/sentinel.pay/src/main/java/com/github/sentinel/pay/domain/repository/FraudDecisionRepository.java", "Java", 0, 0, 0, 0, 0, 18, 0, 0, 9, 27
"/run/media/atomic_dev25/SHARED/shared/C/Users/Administrator/Desktop/Projects/JAVA/sentinel.pay/sentinel.pay/src/main/java/com/github/sentinel/pay/domain/repository/FraudIncidentRepository.java", "Java", 0, 0, 0, 0, 0, 26, 0, 0, 17, 43
"/run/media/atomic_dev25/SHARED/shared/C/Users/Administrator/Desktop/Projects/JAVA/sentinel.pay/sentinel.pay/src/main/java/com/github/sentinel/pay/domain/repository/RiskProfileRepository.java", "Java", 0, 0, 0, 0, 0, 13, 0, 0, 8, 21
"/run/media/atomic_dev25/SHARED/shared/C/Users/Administrator/Desktop/Projects/JAVA/sentinel.pay/sentinel.pay/src/main/java/com/github/sentinel/pay/domain/repository/TransactionRepository.java", "Java", 0, 0, 0, 0, 0, 18, 0, 0, 8, 26
"/run/media/atomic_dev25/SHARED/shared/C/Users/Administrator/Desktop/Projects/JAVA/sentinel.pay/sentinel.pay/src/main/java/com/github/sentinel/pay/domain/repository/UserRepository.java", "Java", 0, 0, 0, 0, 0, 10, 0, 0, 6, 16
"/run/media/atomic_dev25/SHARED/shared/C/Users/Administrator/Desktop/Projects/JAVA/sentinel.pay/sentinel.pay/src/main/java/com/github/sentinel/pay/domain/utils/ApiKeySecurity.java", "Java", 0, 0, 0, 0, 0, 23, 0, 0, 6, 29
"/run/media/atomic_dev25/SHARED/shared/C/Users/Administrator/Desktop/Projects/JAVA/sentinel.pay/sentinel.pay/src/main/java/com/github/sentinel/pay/infrastructure/config/monitoring/MemoryMonitor.java", "Java", 0, 0, 0, 0, 0, 17, 0, 1, 6, 24
"/run/media/atomic_dev25/SHARED/shared/C/Users/Administrator/Desktop/Projects/JAVA/sentinel.pay/sentinel.pay/src/main/java/com/github/sentinel/pay/infrastructure/config/ratelimiting/RateLimitingFilter.java", "Java", 0, 0, 0, 0, 0, 41, 0, 0, 13, 54
"/run/media/atomic_dev25/SHARED/shared/C/Users/Administrator/Desktop/Projects/JAVA/sentinel.pay/sentinel.pay/src/main/java/com/github/sentinel/pay/infrastructure/config/security/AuthResolver.java", "Java", 0, 0, 0, 0, 0, 24, 0, 0, 8, 32
"/run/media/atomic_dev25/SHARED/shared/C/Users/Administrator/Desktop/Projects/JAVA/sentinel.pay/sentinel.pay/src/main/java/com/github/sentinel/pay/infrastructure/config/security/AuthenticationType.java", "Java", 0, 0, 0, 0, 0, 5, 0, 0, 2, 7
"/run/media/atomic_dev25/SHARED/shared/C/Users/Administrator/Desktop/Projects/JAVA/sentinel.pay/sentinel.pay/src/main/java/com/github/sentinel/pay/infrastructure/config/security/BeanConfiguration.java", "Java", 0, 0, 0, 0, 0, 12, 0, 0, 3, 15
"/run/media/atomic_dev25/SHARED/shared/C/Users/Administrator/Desktop/Projects/JAVA/sentinel.pay/sentinel.pay/src/main/java/com/github/sentinel/pay/infrastructure/config/security/SecurityConfig.java", "Java", 0, 0, 0, 0, 0, 67, 0, 3, 11, 81
"/run/media/atomic_dev25/SHARED/shared/C/Users/Administrator/Desktop/Projects/JAVA/sentinel.pay/sentinel.pay/src/main/java/com/github/sentinel/pay/infrastructure/config/security/SecurityUserDetails.java", "Java", 0, 0, 0, 0, 0, 35, 0, 2, 10, 47
"/run/media/atomic_dev25/SHARED/shared/C/Users/Administrator/Desktop/Projects/JAVA/sentinel.pay/sentinel.pay/src/main/java/com/github/sentinel/pay/infrastructure/config/security/UserDetailsServiceImpl.java", "Java", 0, 0, 0, 0, 0, 34, 0, 0, 7, 41
"/run/media/atomic_dev25/SHARED/shared/C/Users/Administrator/Desktop/Projects/JAVA/sentinel.pay/sentinel.pay/src/main/java/com/github/sentinel/pay/infrastructure/config/security/filter/AuthenticationFilter.java", "Java", 0, 0, 0, 0, 0, 32, 0, 0, 8, 40
"/run/media/atomic_dev25/SHARED/shared/C/Users/Administrator/Desktop/Projects/JAVA/sentinel.pay/sentinel.pay/src/main/java/com/github/sentinel/pay/infrastructure/config/security/filter/TenantContextFilter.java", "Java", 0, 0, 0, 0, 0, 40, 0, 0, 10, 50
"/run/media/atomic_dev25/SHARED/shared/C/Users/Administrator/Desktop/Projects/JAVA/sentinel.pay/sentinel.pay/src/main/java/com/github/sentinel/pay/infrastructure/config/security/provider/DomainAuthenticationProvider.java", "Java", 0, 0, 0, 0, 0, 32, 0, 1, 8, 41
"/run/media/atomic_dev25/SHARED/shared/C/Users/Administrator/Desktop/Projects/JAVA/sentinel.pay/sentinel.pay/src/main/java/com/github/sentinel/pay/infrastructure/config/security/strategy/ApiKeyAuthenticator.java", "Java", 0, 0, 0, 0, 0, 39, 0, 0, 11, 50
"/run/media/atomic_dev25/SHARED/shared/C/Users/Administrator/Desktop/Projects/JAVA/sentinel.pay/sentinel.pay/src/main/java/com/github/sentinel/pay/infrastructure/config/security/strategy/AuthenticationStrategy.java", "Java", 0, 0, 0, 0, 0, 5, 0, 0, 4, 9
"/run/media/atomic_dev25/SHARED/shared/C/Users/Administrator/Desktop/Projects/JAVA/sentinel.pay/sentinel.pay/src/main/java/com/github/sentinel/pay/infrastructure/config/security/strategy/SessionAuthenticator.java", "Java", 0, 0, 0, 0, 0, 9, 0, 16, 11, 36
"/run/media/atomic_dev25/SHARED/shared/C/Users/Administrator/Desktop/Projects/JAVA/sentinel.pay/sentinel.pay/src/main/java/com/github/sentinel/pay/infrastructure/config/security/tenant/TenantContext.java", "Java", 0, 0, 0, 0, 0, 18, 0, 0, 11, 29
"/run/media/atomic_dev25/SHARED/shared/C/Users/Administrator/Desktop/Projects/JAVA/sentinel.pay/sentinel.pay/src/main/java/com/github/sentinel/pay/infrastructure/config/security/tenant/TenantContextHolder.java", "Java", 0, 0, 0, 0, 0, 14, 0, 0, 9, 23
"/run/media/atomic_dev25/SHARED/shared/C/Users/Administrator/Desktop/Projects/JAVA/sentinel.pay/sentinel.pay/src/main/java/com/github/sentinel/pay/infrastructure/in/web/controller/GlobalControllerAdvice.java", "Java", 0, 0, 0, 0, 0, 28, 0, 1, 7, 36
"/run/media/atomic_dev25/SHARED/shared/C/Users/Administrator/Desktop/Projects/JAVA/sentinel.pay/sentinel.pay/src/main/java/com/github/sentinel/pay/infrastructure/in/web/controller/demo/AccountController.java", "Java", 0, 0, 0, 0, 0, 29, 0, 2, 5, 36
"/run/media/atomic_dev25/SHARED/shared/C/Users/Administrator/Desktop/Projects/JAVA/sentinel.pay/sentinel.pay/src/main/java/com/github/sentinel/pay/infrastructure/in/web/controller/demo/AuthController.java", "Java", 0, 0, 0, 0, 0, 34, 0, 0, 7, 41
"/run/media/atomic_dev25/SHARED/shared/C/Users/Administrator/Desktop/Projects/JAVA/sentinel.pay/sentinel.pay/src/main/java/com/github/sentinel/pay/infrastructure/in/web/controller/demo/DashboardController.java", "Java", 0, 0, 0, 0, 0, 24, 0, 4, 4, 32
"/run/media/atomic_dev25/SHARED/shared/C/Users/Administrator/Desktop/Projects/JAVA/sentinel.pay/sentinel.pay/src/main/java/com/github/sentinel/pay/infrastructure/in/web/controller/demo/DecisionController.java", "Java", 0, 0, 0, 0, 0, 58, 0, 0, 6, 64
"/run/media/atomic_dev25/SHARED/shared/C/Users/Administrator/Desktop/Projects/JAVA/sentinel.pay/sentinel.pay/src/main/java/com/github/sentinel/pay/infrastructure/in/web/controller/demo/DocController.java", "Java", 0, 0, 0, 0, 0, 14, 0, 0, 7, 21
"/run/media/atomic_dev25/SHARED/shared/C/Users/Administrator/Desktop/Projects/JAVA/sentinel.pay/sentinel.pay/src/main/java/com/github/sentinel/pay/infrastructure/in/web/controller/demo/HomeController.java", "Java", 0, 0, 0, 0, 0, 10, 0, 0, 3, 13
"/run/media/atomic_dev25/SHARED/shared/C/Users/Administrator/Desktop/Projects/JAVA/sentinel.pay/sentinel.pay/src/main/java/com/github/sentinel/pay/infrastructure/in/web/controller/demo/IncidentController.java", "Java", 0, 0, 0, 0, 0, 153, 0, 8, 19, 180
"/run/media/atomic_dev25/SHARED/shared/C/Users/Administrator/Desktop/Projects/JAVA/sentinel.pay/sentinel.pay/src/main/java/com/github/sentinel/pay/infrastructure/in/web/controller/demo/SettingsController.java", "Java", 0, 0, 0, 0, 0, 69, 0, 23, 12, 104
"/run/media/atomic_dev25/SHARED/shared/C/Users/Administrator/Desktop/Projects/JAVA/sentinel.pay/sentinel.pay/src/main/java/com/github/sentinel/pay/infrastructure/in/web/controller/demo/TransactionController.java", "Java", 0, 0, 0, 0, 0, 85, 0, 18, 23, 126
"/run/media/atomic_dev25/SHARED/shared/C/Users/Administrator/Desktop/Projects/JAVA/sentinel.pay/sentinel.pay/src/main/java/com/github/sentinel/pay/infrastructure/in/web/controller/rest/ApiKeyRestController.java", "Java", 0, 0, 0, 0, 0, 20, 0, 0, 6, 26
"/run/media/atomic_dev25/SHARED/shared/C/Users/Administrator/Desktop/Projects/JAVA/sentinel.pay/sentinel.pay/src/main/java/com/github/sentinel/pay/infrastructure/in/web/controller/rest/DecisionRestController.java", "Java", 0, 0, 0, 0, 0, 7, 0, 0, 4, 11
"/run/media/atomic_dev25/SHARED/shared/C/Users/Administrator/Desktop/Projects/JAVA/sentinel.pay/sentinel.pay/src/main/java/com/github/sentinel/pay/infrastructure/in/web/controller/rest/IncidentRestController.java", "Java", 0, 0, 0, 0, 0, 7, 0, 0, 4, 11
"/run/media/atomic_dev25/SHARED/shared/C/Users/Administrator/Desktop/Projects/JAVA/sentinel.pay/sentinel.pay/src/main/java/com/github/sentinel/pay/infrastructure/in/web/controller/rest/TransactionRestController.java", "Java", 0, 0, 0, 0, 0, 22, 0, 2, 5, 29
"/run/media/atomic_dev25/SHARED/shared/C/Users/Administrator/Desktop/Projects/JAVA/sentinel.pay/sentinel.pay/src/main/java/com/github/sentinel/pay/infrastructure/out/notification/email/EmailFraudNotificationAdapter.java", "Java", 0, 0, 0, 0, 0, 12, 0, 1, 5, 18
"/run/media/atomic_dev25/SHARED/shared/C/Users/Administrator/Desktop/Projects/JAVA/sentinel.pay/sentinel.pay/src/main/java/com/github/sentinel/pay/infrastructure/out/notification/webhook/WebhookFraudNotificationAdapter.java", "Java", 0, 0, 0, 0, 0, 9, 0, 1, 5, 15
"/run/media/atomic_dev25/SHARED/shared/C/Users/Administrator/Desktop/Projects/JAVA/sentinel.pay/sentinel.pay/src/main/java/com/github/sentinel/pay/infrastructure/out/persistence/EntityModels/AccountRiskProfileEntity.java", "Java", 0, 0, 0, 0, 0, 45, 0, 2, 11, 58
"/run/media/atomic_dev25/SHARED/shared/C/Users/Administrator/Desktop/Projects/JAVA/sentinel.pay/sentinel.pay/src/main/java/com/github/sentinel/pay/infrastructure/out/persistence/EntityModels/ApiKeyEntity.java", "Java", 0, 0, 0, 0, 0, 29, 0, 0, 4, 33
"/run/media/atomic_dev25/SHARED/shared/C/Users/Administrator/Desktop/Projects/JAVA/sentinel.pay/sentinel.pay/src/main/java/com/github/sentinel/pay/infrastructure/out/persistence/EntityModels/AuditLogEntity.java", "Java", 0, 0, 0, 0, 0, 29, 0, 0, 3, 32
"/run/media/atomic_dev25/SHARED/shared/C/Users/Administrator/Desktop/Projects/JAVA/sentinel.pay/sentinel.pay/src/main/java/com/github/sentinel/pay/infrastructure/out/persistence/EntityModels/AuditSnapshotEntity.java", "Java", 0, 0, 0, 0, 0, 28, 0, 0, 6, 34
"/run/media/atomic_dev25/SHARED/shared/C/Users/Administrator/Desktop/Projects/JAVA/sentinel.pay/sentinel.pay/src/main/java/com/github/sentinel/pay/infrastructure/out/persistence/EntityModels/FraudDecisionEntity.java", "Java", 0, 0, 0, 0, 0, 41, 0, 0, 7, 48
"/run/media/atomic_dev25/SHARED/shared/C/Users/Administrator/Desktop/Projects/JAVA/sentinel.pay/sentinel.pay/src/main/java/com/github/sentinel/pay/infrastructure/out/persistence/EntityModels/FraudIncidentEntity.java", "Java", 0, 0, 0, 0, 0, 38, 0, 0, 10, 48
"/run/media/atomic_dev25/SHARED/shared/C/Users/Administrator/Desktop/Projects/JAVA/sentinel.pay/sentinel.pay/src/main/java/com/github/sentinel/pay/infrastructure/out/persistence/EntityModels/TransactionEntity.java", "Java", 0, 0, 0, 0, 0, 38, 0, 0, 10, 48
"/run/media/atomic_dev25/SHARED/shared/C/Users/Administrator/Desktop/Projects/JAVA/sentinel.pay/sentinel.pay/src/main/java/com/github/sentinel/pay/infrastructure/out/persistence/EntityModels/UserEntity.java", "Java", 0, 0, 0, 0, 0, 27, 0, 0, 5, 32
"/run/media/atomic_dev25/SHARED/shared/C/Users/Administrator/Desktop/Projects/JAVA/sentinel.pay/sentinel.pay/src/main/java/com/github/sentinel/pay/infrastructure/out/persistence/EntityModels/profiles/CurrencyProfileEntity.java", "Java", 0, 0, 0, 0, 0, 29, 0, 0, 7, 36
"/run/media/atomic_dev25/SHARED/shared/C/Users/Administrator/Desktop/Projects/JAVA/sentinel.pay/sentinel.pay/src/main/java/com/github/sentinel/pay/infrastructure/out/persistence/EntityModels/profiles/IncidentStatisticsEntity.java", "Java", 0, 0, 0, 0, 0, 20, 0, 0, 4, 24
"/run/media/atomic_dev25/SHARED/shared/C/Users/Administrator/Desktop/Projects/JAVA/sentinel.pay/sentinel.pay/src/main/java/com/github/sentinel/pay/infrastructure/out/persistence/EntityModels/profiles/LocationProfileEntity.java", "Java", 0, 0, 0, 0, 0, 33, 0, 0, 8, 41
"/run/media/atomic_dev25/SHARED/shared/C/Users/Administrator/Desktop/Projects/JAVA/sentinel.pay/sentinel.pay/src/main/java/com/github/sentinel/pay/infrastructure/out/persistence/EntityModels/profiles/MonetaryProfileEntity.java", "Java", 0, 0, 0, 0, 0, 27, 0, 0, 8, 35
"/run/media/atomic_dev25/SHARED/shared/C/Users/Administrator/Desktop/Projects/JAVA/sentinel.pay/sentinel.pay/src/main/java/com/github/sentinel/pay/infrastructure/out/persistence/EntityModels/profiles/VelocityProfileEntity.java", "Java", 0, 0, 0, 0, 0, 28, 0, 0, 7, 35
"/run/media/atomic_dev25/SHARED/shared/C/Users/Administrator/Desktop/Projects/JAVA/sentinel.pay/sentinel.pay/src/main/java/com/github/sentinel/pay/infrastructure/out/persistence/adapter/ApiKeyAdapter.java", "Java", 0, 0, 0, 0, 0, 40, 0, 0, 7, 47
"/run/media/atomic_dev25/SHARED/shared/C/Users/Administrator/Desktop/Projects/JAVA/sentinel.pay/sentinel.pay/src/main/java/com/github/sentinel/pay/infrastructure/out/persistence/adapter/AuditLogAppenderAdapter.java", "Java", 0, 0, 0, 0, 0, 47, 0, 0, 11, 58
"/run/media/atomic_dev25/SHARED/shared/C/Users/Administrator/Desktop/Projects/JAVA/sentinel.pay/sentinel.pay/src/main/java/com/github/sentinel/pay/infrastructure/out/persistence/adapter/FraudDecisionAdapter.java", "Java", 0, 0, 0, 0, 0, 47, 0, 0, 11, 58
"/run/media/atomic_dev25/SHARED/shared/C/Users/Administrator/Desktop/Projects/JAVA/sentinel.pay/sentinel.pay/src/main/java/com/github/sentinel/pay/infrastructure/out/persistence/adapter/FraudIncidentAdapter.java", "Java", 0, 0, 0, 0, 0, 91, 0, 0, 20, 111
"/run/media/atomic_dev25/SHARED/shared/C/Users/Administrator/Desktop/Projects/JAVA/sentinel.pay/sentinel.pay/src/main/java/com/github/sentinel/pay/infrastructure/out/persistence/adapter/RiskProfileAdapter.java", "Java", 0, 0, 0, 0, 0, 55, 0, 0, 16, 71
"/run/media/atomic_dev25/SHARED/shared/C/Users/Administrator/Desktop/Projects/JAVA/sentinel.pay/sentinel.pay/src/main/java/com/github/sentinel/pay/infrastructure/out/persistence/adapter/TransactionAdapter.java", "Java", 0, 0, 0, 0, 0, 50, 0, 0, 9, 59
"/run/media/atomic_dev25/SHARED/shared/C/Users/Administrator/Desktop/Projects/JAVA/sentinel.pay/sentinel.pay/src/main/java/com/github/sentinel/pay/infrastructure/out/persistence/adapter/UserAdapter.java", "Java", 0, 0, 0, 0, 0, 41, 0, 0, 6, 47
"/run/media/atomic_dev25/SHARED/shared/C/Users/Administrator/Desktop/Projects/JAVA/sentinel.pay/sentinel.pay/src/main/java/com/github/sentinel/pay/infrastructure/out/persistence/base/BasePersistenceAdapter.java", "Java", 0, 0, 0, 0, 0, 53, 0, 3, 14, 70
"/run/media/atomic_dev25/SHARED/shared/C/Users/Administrator/Desktop/Projects/JAVA/sentinel.pay/sentinel.pay/src/main/java/com/github/sentinel/pay/infrastructure/out/persistence/base/GenericPersistenceRepository.java", "Java", 0, 0, 0, 0, 0, 14, 0, 6, 3, 23
"/run/media/atomic_dev25/SHARED/shared/C/Users/Administrator/Desktop/Projects/JAVA/sentinel.pay/sentinel.pay/src/main/java/com/github/sentinel/pay/infrastructure/out/persistence/jpa/AccountRiskProfileEntityRepository.java", "Java", 0, 0, 0, 0, 0, 33, 0, 0, 15, 48
"/run/media/atomic_dev25/SHARED/shared/C/Users/Administrator/Desktop/Projects/JAVA/sentinel.pay/sentinel.pay/src/main/java/com/github/sentinel/pay/infrastructure/out/persistence/jpa/ApiKeyEntityRepository.java", "Java", 0, 0, 0, 0, 0, 10, 0, 0, 8, 18
"/run/media/atomic_dev25/SHARED/shared/C/Users/Administrator/Desktop/Projects/JAVA/sentinel.pay/sentinel.pay/src/main/java/com/github/sentinel/pay/infrastructure/out/persistence/jpa/AuditLogEntityRepository.java", "Java", 0, 0, 0, 0, 0, 17, 0, 0, 5, 22
"/run/media/atomic_dev25/SHARED/shared/C/Users/Administrator/Desktop/Projects/JAVA/sentinel.pay/sentinel.pay/src/main/java/com/github/sentinel/pay/infrastructure/out/persistence/jpa/AuditSnapshotEntityRepository.java", "Java", 0, 0, 0, 0, 0, 9, 0, 0, 6, 15
"/run/media/atomic_dev25/SHARED/shared/C/Users/Administrator/Desktop/Projects/JAVA/sentinel.pay/sentinel.pay/src/main/java/com/github/sentinel/pay/infrastructure/out/persistence/jpa/CurrencyEntityRepository.java", "Java", 0, 0, 0, 0, 0, 5, 0, 0, 4, 9
"/run/media/atomic_dev25/SHARED/shared/C/Users/Administrator/Desktop/Projects/JAVA/sentinel.pay/sentinel.pay/src/main/java/com/github/sentinel/pay/infrastructure/out/persistence/jpa/FraudDecisionEntityRepository.java", "Java", 0, 0, 0, 0, 0, 18, 0, 0, 6, 24
"/run/media/atomic_dev25/SHARED/shared/C/Users/Administrator/Desktop/Projects/JAVA/sentinel.pay/sentinel.pay/src/main/java/com/github/sentinel/pay/infrastructure/out/persistence/jpa/FraudIncidentEntityRepository.java", "Java", 0, 0, 0, 0, 0, 59, 0, 0, 11, 70
"/run/media/atomic_dev25/SHARED/shared/C/Users/Administrator/Desktop/Projects/JAVA/sentinel.pay/sentinel.pay/src/main/java/com/github/sentinel/pay/infrastructure/out/persistence/jpa/LocationEntityRepository.java", "Java", 0, 0, 0, 0, 0, 5, 0, 0, 4, 9
"/run/media/atomic_dev25/SHARED/shared/C/Users/Administrator/Desktop/Projects/JAVA/sentinel.pay/sentinel.pay/src/main/java/com/github/sentinel/pay/infrastructure/out/persistence/jpa/MonetaryEntityRepository.java", "Java", 0, 0, 0, 0, 0, 5, 0, 0, 4, 9
"/run/media/atomic_dev25/SHARED/shared/C/Users/Administrator/Desktop/Projects/JAVA/sentinel.pay/sentinel.pay/src/main/java/com/github/sentinel/pay/infrastructure/out/persistence/jpa/TransactionEntityRepository.java", "Java", 0, 0, 0, 0, 0, 30, 0, 0, 10, 40
"/run/media/atomic_dev25/SHARED/shared/C/Users/Administrator/Desktop/Projects/JAVA/sentinel.pay/sentinel.pay/src/main/java/com/github/sentinel/pay/infrastructure/out/persistence/jpa/UserEntityRepository.java", "Java", 0, 0, 0, 0, 0, 16, 0, 0, 7, 23
"/run/media/atomic_dev25/SHARED/shared/C/Users/Administrator/Desktop/Projects/JAVA/sentinel.pay/sentinel.pay/src/main/java/com/github/sentinel/pay/infrastructure/out/persistence/jpa/VelocityEntityRepository.java", "Java", 0, 0, 0, 0, 0, 6, 0, 0, 5, 11
"/run/media/atomic_dev25/SHARED/shared/C/Users/Administrator/Desktop/Projects/JAVA/sentinel.pay/sentinel.pay/src/main/java/com/github/sentinel/pay/infrastructure/out/persistence/jpa/attributeConverter/CurrencyMapConverter.java", "Java", 0, 0, 0, 0, 0, 39, 0, 0, 13, 52
"/run/media/atomic_dev25/SHARED/shared/C/Users/Administrator/Desktop/Projects/JAVA/sentinel.pay/sentinel.pay/src/main/java/com/github/sentinel/pay/infrastructure/out/persistence/jpa/attributeConverter/LocationMapConverter.java", "Java", 0, 0, 0, 0, 0, 48, 0, 0, 7, 55
"/run/media/atomic_dev25/SHARED/shared/C/Users/Administrator/Desktop/Projects/JAVA/sentinel.pay/sentinel.pay/src/main/java/com/github/sentinel/pay/infrastructure/out/persistence/jpa/generic/EntityRepository.java", "Java", 0, 0, 0, 0, 0, 6, 0, 0, 3, 9
"/run/media/atomic_dev25/SHARED/shared/C/Users/Administrator/Desktop/Projects/JAVA/sentinel.pay/sentinel.pay/src/main/java/com/github/sentinel/pay/infrastructure/out/persistence/mapper/ApiKeyMapper.java", "Java", 0, 0, 0, 0, 0, 5, 0, 0, 3, 8
"/run/media/atomic_dev25/SHARED/shared/C/Users/Administrator/Desktop/Projects/JAVA/sentinel.pay/sentinel.pay/src/main/java/com/github/sentinel/pay/infrastructure/out/persistence/mapper/AuditLogMapper.java", "Java", 0, 0, 0, 0, 0, 5, 0, 0, 3, 8
"/run/media/atomic_dev25/SHARED/shared/C/Users/Administrator/Desktop/Projects/JAVA/sentinel.pay/sentinel.pay/src/main/java/com/github/sentinel/pay/infrastructure/out/persistence/mapper/AuditSnapshotMapper.java", "Java", 0, 0, 0, 0, 0, 7, 0, 0, 3, 10
"/run/media/atomic_dev25/SHARED/shared/C/Users/Administrator/Desktop/Projects/JAVA/sentinel.pay/sentinel.pay/src/main/java/com/github/sentinel/pay/infrastructure/out/persistence/mapper/CurrencyProfileMapper.java", "Java", 0, 0, 0, 0, 0, 5, 0, 0, 4, 9
"/run/media/atomic_dev25/SHARED/shared/C/Users/Administrator/Desktop/Projects/JAVA/sentinel.pay/sentinel.pay/src/main/java/com/github/sentinel/pay/infrastructure/out/persistence/mapper/EntityMapper.java", "Java", 0, 0, 0, 0, 0, 5, 0, 0, 3, 8
"/run/media/atomic_dev25/SHARED/shared/C/Users/Administrator/Desktop/Projects/JAVA/sentinel.pay/sentinel.pay/src/main/java/com/github/sentinel/pay/infrastructure/out/persistence/mapper/FraudDecisionMapper.java", "Java", 0, 0, 0, 0, 0, 5, 0, 0, 3, 8
"/run/media/atomic_dev25/SHARED/shared/C/Users/Administrator/Desktop/Projects/JAVA/sentinel.pay/sentinel.pay/src/main/java/com/github/sentinel/pay/infrastructure/out/persistence/mapper/FraudIncidentMapper.java", "Java", 0, 0, 0, 0, 0, 5, 0, 0, 3, 8
"/run/media/atomic_dev25/SHARED/shared/C/Users/Administrator/Desktop/Projects/JAVA/sentinel.pay/sentinel.pay/src/main/java/com/github/sentinel/pay/infrastructure/out/persistence/mapper/IncidentStatisticsMapper.java", "Java", 0, 0, 0, 0, 0, 5, 0, 0, 4, 9
"/run/media/atomic_dev25/SHARED/shared/C/Users/Administrator/Desktop/Projects/JAVA/sentinel.pay/sentinel.pay/src/main/java/com/github/sentinel/pay/infrastructure/out/persistence/mapper/LocationProfileMapper.java", "Java", 0, 0, 0, 0, 0, 5, 0, 0, 4, 9
"/run/media/atomic_dev25/SHARED/shared/C/Users/Administrator/Desktop/Projects/JAVA/sentinel.pay/sentinel.pay/src/main/java/com/github/sentinel/pay/infrastructure/out/persistence/mapper/MonetaryProfileMapper.java", "Java", 0, 0, 0, 0, 0, 5, 0, 0, 4, 9
"/run/media/atomic_dev25/SHARED/shared/C/Users/Administrator/Desktop/Projects/JAVA/sentinel.pay/sentinel.pay/src/main/java/com/github/sentinel/pay/infrastructure/out/persistence/mapper/RiskProfileMapper.java", "Java", 0, 0, 0, 0, 0, 5, 0, 0, 3, 8
"/run/media/atomic_dev25/SHARED/shared/C/Users/Administrator/Desktop/Projects/JAVA/sentinel.pay/sentinel.pay/src/main/java/com/github/sentinel/pay/infrastructure/out/persistence/mapper/TransactionMapper.java", "Java", 0, 0, 0, 0, 0, 5, 0, 0, 3, 8
"/run/media/atomic_dev25/SHARED/shared/C/Users/Administrator/Desktop/Projects/JAVA/sentinel.pay/sentinel.pay/src/main/java/com/github/sentinel/pay/infrastructure/out/persistence/mapper/UserMapper.java", "Java", 0, 0, 0, 0, 0, 5, 0, 0, 3, 8
"/run/media/atomic_dev25/SHARED/shared/C/Users/Administrator/Desktop/Projects/JAVA/sentinel.pay/sentinel.pay/src/main/java/com/github/sentinel/pay/infrastructure/out/persistence/mapper/VelocityProfileMapper.java", "Java", 0, 0, 0, 0, 0, 5, 0, 0, 4, 9
"/run/media/atomic_dev25/SHARED/shared/C/Users/Administrator/Desktop/Projects/JAVA/sentinel.pay/sentinel.pay/src/main/java/com/github/sentinel/pay/infrastructure/out/persistence/mapper/adapters/ApiKeyMapperImpl.java", "Java", 0, 0, 0, 0, 0, 38, 0, 0, 4, 42
"/run/media/atomic_dev25/SHARED/shared/C/Users/Administrator/Desktop/Projects/JAVA/sentinel.pay/sentinel.pay/src/main/java/com/github/sentinel/pay/infrastructure/out/persistence/mapper/adapters/FraudDecisionMapperImpl.java", "Java", 0, 0, 0, 0, 0, 49, 0, 0, 5, 54
"/run/media/atomic_dev25/SHARED/shared/C/Users/Administrator/Desktop/Projects/JAVA/sentinel.pay/sentinel.pay/src/main/java/com/github/sentinel/pay/infrastructure/out/persistence/mapper/adapters/FraudIncidentMapperImpl.java", "Java", 0, 0, 0, 0, 0, 61, 0, 0, 4, 65
"/run/media/atomic_dev25/SHARED/shared/C/Users/Administrator/Desktop/Projects/JAVA/sentinel.pay/sentinel.pay/src/main/java/com/github/sentinel/pay/infrastructure/out/persistence/mapper/adapters/IncidentStatisticsMapperImpl.java", "Java", 0, 0, 0, 0, 0, 27, 0, 0, 11, 38
"/run/media/atomic_dev25/SHARED/shared/C/Users/Administrator/Desktop/Projects/JAVA/sentinel.pay/sentinel.pay/src/main/java/com/github/sentinel/pay/infrastructure/out/persistence/mapper/adapters/RiskProfileMapperImpl.java", "Java", 0, 0, 0, 0, 0, 56, 0, 0, 8, 64
"/run/media/atomic_dev25/SHARED/shared/C/Users/Administrator/Desktop/Projects/JAVA/sentinel.pay/sentinel.pay/src/main/java/com/github/sentinel/pay/infrastructure/out/persistence/mapper/adapters/TransactionMapperImpl.java", "Java", 0, 0, 0, 0, 0, 43, 0, 0, 4, 47
"/run/media/atomic_dev25/SHARED/shared/C/Users/Administrator/Desktop/Projects/JAVA/sentinel.pay/sentinel.pay/src/main/java/com/github/sentinel/pay/infrastructure/out/persistence/mapper/adapters/UserMapperImpl.java", "Java", 0, 0, 0, 0, 0, 36, 0, 0, 4, 40
"/run/media/atomic_dev25/SHARED/shared/C/Users/Administrator/Desktop/Projects/JAVA/sentinel.pay/sentinel.pay/src/main/java/com/github/sentinel/pay/infrastructure/out/persistence/mapper/adapters/audits/AuditLogMapperImpl.java", "Java", 0, 0, 0, 0, 0, 33, 0, 0, 5, 38
"/run/media/atomic_dev25/SHARED/shared/C/Users/Administrator/Desktop/Projects/JAVA/sentinel.pay/sentinel.pay/src/main/java/com/github/sentinel/pay/infrastructure/out/persistence/mapper/adapters/audits/AuditSnapshotMapperImpl.java", "Java", 0, 0, 0, 0, 0, 33, 0, 0, 5, 38
"/run/media/atomic_dev25/SHARED/shared/C/Users/Administrator/Desktop/Projects/JAVA/sentinel.pay/sentinel.pay/src/main/java/com/github/sentinel/pay/infrastructure/out/persistence/mapper/adapters/profile/CurrencyProfileMapperImpl.java", "Java", 0, 0, 0, 0, 0, 24, 0, 0, 12, 36
"/run/media/atomic_dev25/SHARED/shared/C/Users/Administrator/Desktop/Projects/JAVA/sentinel.pay/sentinel.pay/src/main/java/com/github/sentinel/pay/infrastructure/out/persistence/mapper/adapters/profile/LocationProfileMapperImpl.java", "Java", 0, 0, 0, 0, 0, 26, 0, 0, 10, 36
"/run/media/atomic_dev25/SHARED/shared/C/Users/Administrator/Desktop/Projects/JAVA/sentinel.pay/sentinel.pay/src/main/java/com/github/sentinel/pay/infrastructure/out/persistence/mapper/adapters/profile/MonetaryProfileMapperImpl.java", "Java", 0, 0, 0, 0, 0, 31, 0, 0, 9, 40
"/run/media/atomic_dev25/SHARED/shared/C/Users/Administrator/Desktop/Projects/JAVA/sentinel.pay/sentinel.pay/src/main/java/com/github/sentinel/pay/infrastructure/out/persistence/mapper/adapters/profile/VelocityProfileMapperImpl.java", "Java", 0, 0, 0, 0, 0, 35, 0, 0, 9, 44
"/run/media/atomic_dev25/SHARED/shared/C/Users/Administrator/Desktop/Projects/JAVA/sentinel.pay/sentinel.pay/src/main/java/com/github/sentinel/pay/infrastructure/startup/AdminBootstrap.java", "Java", 0, 0, 0, 0, 0, 19, 0, 0, 6, 25
"/run/media/atomic_dev25/SHARED/shared/C/Users/Administrator/Desktop/Projects/JAVA/sentinel.pay/sentinel.pay/src/main/java/com/github/sentinel/pay/infrastructure/startup/DatabaseCleanserRunner.java", "Java", 0, 0, 0, 0, 0, 7, 0, 25, 3, 35
"/run/media/atomic_dev25/SHARED/shared/C/Users/Administrator/Desktop/Projects/JAVA/sentinel.pay/sentinel.pay/src/main/java/com/github/sentinel/pay/infrastructure/utils/TransactionDataGenerator.java", "Java", 0, 0, 0, 0, 0, 165, 0, 34, 28, 227
"/run/media/atomic_dev25/SHARED/shared/C/Users/Administrator/Desktop/Projects/JAVA/sentinel.pay/sentinel.pay/src/main/resources/application.properties", "Java Properties", 0, 0, 0, 20, 0, 0, 0, 0, 6, 26
"/run/media/atomic_dev25/SHARED/shared/C/Users/Administrator/Desktop/Projects/JAVA/sentinel.pay/sentinel.pay/src/main/resources/static/css/custom.css", "PostCSS", 0, 0, 0, 0, 0, 0, 402, 16, 38, 456
"/run/media/atomic_dev25/SHARED/shared/C/Users/Administrator/Desktop/Projects/JAVA/sentinel.pay/sentinel.pay/src/main/resources/templates/account-profile.html", "HTML", 0, 0, 0, 0, 456, 0, 0, 11, 41, 508
"/run/media/atomic_dev25/SHARED/shared/C/Users/Administrator/Desktop/Projects/JAVA/sentinel.pay/sentinel.pay/src/main/resources/templates/api-docs.html", "HTML", 0, 0, 0, 0, 456, 0, 0, 11, 41, 508
"/run/media/atomic_dev25/SHARED/shared/C/Users/Administrator/Desktop/Projects/JAVA/sentinel.pay/sentinel.pay/src/main/resources/templates/api-keys.html", "HTML", 0, 0, 0, 0, 222, 0, 0, 6, 20, 248
"/run/media/atomic_dev25/SHARED/shared/C/Users/Administrator/Desktop/Projects/JAVA/sentinel.pay/sentinel.pay/src/main/resources/templates/console.html", "HTML", 0, 0, 0, 0, 385, 0, 0, 3, 27, 415
"/run/media/atomic_dev25/SHARED/shared/C/Users/Administrator/Desktop/Projects/JAVA/sentinel.pay/sentinel.pay/src/main/resources/templates/dashboard.html", "HTML", 0, 0, 0, 0, 239, 0, 0, 10, 12, 261
"/run/media/atomic_dev25/SHARED/shared/C/Users/Administrator/Desktop/Projects/JAVA/sentinel.pay/sentinel.pay/src/main/resources/templates/decision-detail.html", "HTML", 0, 0, 0, 0, 508, 0, 0, 23, 43, 574
"/run/media/atomic_dev25/SHARED/shared/C/Users/Administrator/Desktop/Projects/JAVA/sentinel.pay/sentinel.pay/src/main/resources/templates/decisions.html", "HTML", 0, 0, 0, 0, 116, 0, 0, 7, 5, 128
"/run/media/atomic_dev25/SHARED/shared/C/Users/Administrator/Desktop/Projects/JAVA/sentinel.pay/sentinel.pay/src/main/resources/templates/fragments/alert.html", "HTML", 0, 0, 0, 0, 14, 0, 0, 1, 1, 16
"/run/media/atomic_dev25/SHARED/shared/C/Users/Administrator/Desktop/Projects/JAVA/sentinel.pay/sentinel.pay/src/main/resources/templates/fragments/api-key-item.html", "HTML", 0, 0, 0, 0, 29, 0, 0, 9, 2, 40
"/run/media/atomic_dev25/SHARED/shared/C/Users/Administrator/Desktop/Projects/JAVA/sentinel.pay/sentinel.pay/src/main/resources/templates/fragments/transaction-response.html", "HTML", 0, 0, 0, 0, 131, 0, 0, 0, 11, 142
"/run/media/atomic_dev25/SHARED/shared/C/Users/Administrator/Desktop/Projects/JAVA/sentinel.pay/sentinel.pay/src/main/resources/templates/incident-detail.html", "HTML", 0, 0, 0, 0, 315, 0, 0, 11, 14, 340
"/run/media/atomic_dev25/SHARED/shared/C/Users/Administrator/Desktop/Projects/JAVA/sentinel.pay/sentinel.pay/src/main/resources/templates/incidents.html", "HTML", 0, 0, 0, 0, 126, 0, 0, 0, 8, 134
"/run/media/atomic_dev25/SHARED/shared/C/Users/Administrator/Desktop/Projects/JAVA/sentinel.pay/sentinel.pay/src/main/resources/templates/layout-public.html", "HTML", 0, 0, 0, 0, 13, 0, 0, 0, 4, 17
"/run/media/atomic_dev25/SHARED/shared/C/Users/Administrator/Desktop/Projects/JAVA/sentinel.pay/sentinel.pay/src/main/resources/templates/layout.html", "HTML", 0, 0, 0, 0, 100, 0, 0, 5, 14, 119
"/run/media/atomic_dev25/SHARED/shared/C/Users/Administrator/Desktop/Projects/JAVA/sentinel.pay/sentinel.pay/src/main/resources/templates/login.html", "HTML", 0, 0, 0, 0, 219, 0, 0, 0, 40, 259
"/run/media/atomic_dev25/SHARED/shared/C/Users/Administrator/Desktop/Projects/JAVA/sentinel.pay/sentinel.pay/src/main/resources/templates/register.html", "HTML", 0, 0, 0, 0, 188, 0, 0, 0, 30, 218
"/run/media/atomic_dev25/SHARED/shared/C/Users/Administrator/Desktop/Projects/JAVA/sentinel.pay/sentinel.pay/src/main/resources/templates/settings.html", "HTML", 0, 0, 0, 0, 154, 0, 0, 3, 9, 166
"/run/media/atomic_dev25/SHARED/shared/C/Users/Administrator/Desktop/Projects/JAVA/sentinel.pay/sentinel.pay/src/main/resources/templates/sidebar.html", "HTML", 0, 0, 0, 0, 211, 0, 0, 0, 31, 242
"/run/media/atomic_dev25/SHARED/shared/C/Users/Administrator/Desktop/Projects/JAVA/sentinel.pay/sentinel.pay/src/test/java/com/github/sentinel/pay/ApplicationTests.java", "Java", 0, 0, 0, 0, 0, 9, 0, 0, 5, 14
"/run/media/atomic_dev25/SHARED/shared/C/Users/Administrator/Desktop/Projects/JAVA/sentinel.pay/sentinel.pay/src/test/java/com/github/sentinel/pay/domain/entity/fraudRules/TransactionAmountFraudRuleTest.java", "Java", 0, 0, 0, 0, 0, 56, 0, 6, 13, 75
"/run/media/atomic_dev25/SHARED/shared/C/Users/Administrator/Desktop/Projects/JAVA/sentinel.pay/sentinel.pay/src/test/java/com/github/sentinel/pay/domain/fraudrRules/HighRiskAndRemoteTransactionFraudRuleTest.java", "Java", 0, 0, 0, 0, 0, 62, 0, 1, 5, 68
"/run/media/atomic_dev25/SHARED/shared/C/Users/Administrator/Desktop/Projects/JAVA/sentinel.pay/sentinel.pay/src/test/java/com/github/sentinel/pay/domain/fraudrRules/TransactionAmountFraudRuleTest.java", "Java", 0, 0, 0, 0, 0, 64, 0, 0, 6, 70
"/run/media/atomic_dev25/SHARED/shared/C/Users/Administrator/Desktop/Projects/JAVA/sentinel.pay/sentinel.pay/src/test/java/com/github/sentinel/pay/domain/fraudrRules/UnusualLocationFraudRuleTest.java", "Java", 0, 0, 0, 0, 0, 51, 0, 0, 6, 57
"/run/media/atomic_dev25/SHARED/shared/C/Users/Administrator/Desktop/Projects/JAVA/sentinel.pay/sentinel.pay/src/test/java/com/github/sentinel/pay/domain/fraudrRules/VelocityFraudRuleTest.java", "Java", 0, 0, 0, 0, 0, 63, 0, 0, 9, 72
"/run/media/atomic_dev25/SHARED/shared/C/Users/Administrator/Desktop/Projects/JAVA/sentinel.pay/sentinel.pay/src/test/java/com/github/sentinel/pay/domain/riskProfile/TransactionActivityTest.java", "Java", 0, 0, 0, 0, 0, 10, 0, 32, 4, 46
"/run/media/atomic_dev25/SHARED/shared/C/Users/Administrator/Desktop/Projects/JAVA/sentinel.pay/sentinel.pay/src/test/java/com/github/sentinel/pay/domain/riskScore/FraudDecisionPolicyTest.java", "Java", 0, 0, 0, 0, 0, 3, 0, 0, 2, 5
"/run/media/atomic_dev25/SHARED/shared/C/Users/Administrator/Desktop/Projects/JAVA/sentinel.pay/sentinel.pay/src/test/java/com/github/sentinel/pay/domain/riskScore/RiskScoreTest.java", "Java", 0, 0, 0, 0, 0, 3, 0, 0, 2, 5
"/run/media/atomic_dev25/SHARED/shared/C/Users/Administrator/Desktop/Projects/JAVA/sentinel.pay/sentinel.pay/src/test/java/com/github/sentinel/pay/domain/transaction/LocationTest.java", "Java", 0, 0, 0, 0, 0, 12, 0, 0, 5, 17
"/run/media/atomic_dev25/SHARED/shared/C/Users/Administrator/Desktop/Projects/JAVA/sentinel.pay/sentinel.pay/src/test/java/com/github/sentinel/pay/domain/transaction/MoneyTest.java", "Java", 0, 0, 0, 0, 0, 10, 0, 13, 5, 28
"/run/media/atomic_dev25/SHARED/shared/C/Users/Administrator/Desktop/Projects/JAVA/sentinel.pay/sentinel.pay/transaction-api.md", "Markdown", 81, 0, 0, 0, 0, 0, 0, 0, 67, 148
"Total", "-", 260, 44, 41, 27, 3882, 6456, 402, 471, 2367, 13950