"filename", "language", "Markdown", "Gradle", "Batch", "Java Properties", "HTML", "PostCSS", "Java", "Django HTML", "comment", "blank", "total"
"/run/media/atomic_dev25/SHARED/shared/C/Users/Administrator/Desktop/Projects/JAVA/sentinel.pay/sentinel.pay/Frontend.md", "Markdown", 47, 0, 0, 0, 0, 0, 0, 0, 1, 40, 88
"/run/media/atomic_dev25/SHARED/shared/C/Users/Administrator/Desktop/Projects/JAVA/sentinel.pay/sentinel.pay/README.md", "Markdown", 44, 0, 0, 0, 0, 0, 0, 0, 0, 28, 72
"/run/media/atomic_dev25/SHARED/shared/C/Users/Administrator/Desktop/Projects/JAVA/sentinel.pay/sentinel.pay/build.gradle", "Gradle", 0, 41, 0, 0, 0, 0, 0, 0, 2, 7, 50
"/run/media/atomic_dev25/SHARED/shared/C/Users/Administrator/Desktop/Projects/JAVA/sentinel.pay/sentinel.pay/frontend-improvements.md", "Markdown", 71, 0, 0, 0, 0, 0, 0, 0, 0, 68, 139
"/run/media/atomic_dev25/SHARED/shared/C/Users/Administrator/Desktop/Projects/JAVA/sentinel.pay/sentinel.pay/gradle/wrapper/gradle-wrapper.properties", "Java Properties", 0, 0, 0, 7, 0, 0, 0, 0, 0, 1, 8
"/run/media/atomic_dev25/SHARED/shared/C/Users/Administrator/Desktop/Projects/JAVA/sentinel.pay/sentinel.pay/gradlew.bat", "Batch", 0, 0, 41, 0, 0, 0, 0, 0, 32, 22, 95
"/run/media/atomic_dev25/SHARED/shared/C/Users/Administrator/Desktop/Projects/JAVA/sentinel.pay/sentinel.pay/settings.gradle", "Gradle", 0, 1, 0, 0, 0, 0, 0, 0, 0, 1, 2
"/run/media/atomic_dev25/SHARED/shared/C/Users/Administrator/Desktop/Projects/JAVA/sentinel.pay/sentinel.pay/src/main/java/com/github/sentinel/pay/Application.java", "Java", 0, 0, 0, 0, 0, 0, 11, 0, 0, 5, 16
"/run/media/atomic_dev25/SHARED/shared/C/Users/Administrator/Desktop/Projects/JAVA/sentinel.pay/sentinel.pay/src/main/java/com/github/sentinel/pay/application/dto/apiKey/ApiKeyDto.java", "Java", 0, 0, 0, 0, 0, 0, 12, 0, 0, 4, 16
"/run/media/atomic_dev25/SHARED/shared/C/Users/Administrator/Desktop/Projects/JAVA/sentinel.pay/sentinel.pay/src/main/java/com/github/sentinel/pay/application/dto/dashboard/DashBoardDto.java", "Java", 0, 0, 0, 0, 0, 0, 16, 0, 0, 4, 20
"/run/media/atomic_dev25/SHARED/shared/C/Users/Administrator/Desktop/Projects/JAVA/sentinel.pay/sentinel.pay/src/main/java/com/github/sentinel/pay/application/dto/decision/AuditEventDTO.java", "Java", 0, 0, 0, 0, 0, 0, 8, 0, 0, 3, 11
"/run/media/atomic_dev25/SHARED/shared/C/Users/Administrator/Desktop/Projects/JAVA/sentinel.pay/sentinel.pay/src/main/java/com/github/sentinel/pay/application/dto/decision/FraudDecisionDetailsDto.java", "Java", 0, 0, 0, 0, 0, 0, 22, 0, 0, 8, 30
"/run/media/atomic_dev25/SHARED/shared/C/Users/Administrator/Desktop/Projects/JAVA/sentinel.pay/sentinel.pay/src/main/java/com/github/sentinel/pay/application/dto/decision/FraudDecisionDto.java", "Java", 0, 0, 0, 0, 0, 0, 13, 0, 0, 4, 17
"/run/media/atomic_dev25/SHARED/shared/C/Users/Administrator/Desktop/Projects/JAVA/sentinel.pay/sentinel.pay/src/main/java/com/github/sentinel/pay/application/dto/incidents/IncidentDTO.java", "Java", 0, 0, 0, 0, 0, 0, 8, 0, 0, 3, 11
"/run/media/atomic_dev25/SHARED/shared/C/Users/Administrator/Desktop/Projects/JAVA/sentinel.pay/sentinel.pay/src/main/java/com/github/sentinel/pay/application/dto/incidents/IncidentDetails.java", "Java", 0, 0, 0, 0, 0, 0, 13, 0, 0, 4, 17
"/run/media/atomic_dev25/SHARED/shared/C/Users/Administrator/Desktop/Projects/JAVA/sentinel.pay/sentinel.pay/src/main/java/com/github/sentinel/pay/application/dto/incidents/IncidentResponseDto.java", "Java", 0, 0, 0, 0, 0, 0, 13, 0, 0, 3, 16
"/run/media/atomic_dev25/SHARED/shared/C/Users/Administrator/Desktop/Projects/JAVA/sentinel.pay/sentinel.pay/src/main/java/com/github/sentinel/pay/application/dto/incidents/incidentRequestDto.java", "Java", 0, 0, 0, 0, 0, 0, 3, 0, 0, 2, 5
"/run/media/atomic_dev25/SHARED/shared/C/Users/Administrator/Desktop/Projects/JAVA/sentinel.pay/sentinel.pay/src/main/java/com/github/sentinel/pay/application/dto/riskProfile/AccountDTO.java", "Java", 0, 0, 0, 0, 0, 0, 6, 0, 0, 2, 8
"/run/media/atomic_dev25/SHARED/shared/C/Users/Administrator/Desktop/Projects/JAVA/sentinel.pay/sentinel.pay/src/main/java/com/github/sentinel/pay/application/dto/riskProfile/AccountSnapShot.java", "Java", 0, 0, 0, 0, 0, 0, 8, 0, 0, 2, 10
"/run/media/atomic_dev25/SHARED/shared/C/Users/Administrator/Desktop/Projects/JAVA/sentinel.pay/sentinel.pay/src/main/java/com/github/sentinel/pay/application/dto/riskProfile/ProfileEvaluationDto.java", "Java", 0, 0, 0, 0, 0, 0, 9, 0, 0, 2, 11
"/run/media/atomic_dev25/SHARED/shared/C/Users/Administrator/Desktop/Projects/JAVA/sentinel.pay/sentinel.pay/src/main/java/com/github/sentinel/pay/application/dto/riskProfile/RiskProfileDto.java", "Java", 0, 0, 0, 0, 0, 0, 11, 0, 0, 4, 15
"/run/media/atomic_dev25/SHARED/shared/C/Users/Administrator/Desktop/Projects/JAVA/sentinel.pay/sentinel.pay/src/main/java/com/github/sentinel/pay/application/dto/transaction/TransactionDetails.java", "Java", 0, 0, 0, 0, 0, 0, 9, 0, 0, 3, 12
"/run/media/atomic_dev25/SHARED/shared/C/Users/Administrator/Desktop/Projects/JAVA/sentinel.pay/sentinel.pay/src/main/java/com/github/sentinel/pay/application/dto/transaction/TransactionEvaluationResponseDto.java", "Java", 0, 0, 0, 0, 0, 0, 11, 0, 0, 3, 14
"/run/media/atomic_dev25/SHARED/shared/C/Users/Administrator/Desktop/Projects/JAVA/sentinel.pay/sentinel.pay/src/main/java/com/github/sentinel/pay/application/dto/transaction/TransactionRequestDto.java", "Java", 0, 0, 0, 0, 0, 0, 24, 0, 0, 6, 30
"/run/media/atomic_dev25/SHARED/shared/C/Users/Administrator/Desktop/Projects/JAVA/sentinel.pay/sentinel.pay/src/main/java/com/github/sentinel/pay/application/dto/user/MinimalUserInfoDto.java", "Java", 0, 0, 0, 0, 0, 0, 13, 0, 0, 3, 16
"/run/media/atomic_dev25/SHARED/shared/C/Users/Administrator/Desktop/Projects/JAVA/sentinel.pay/sentinel.pay/src/main/java/com/github/sentinel/pay/application/dto/user/SettingInfoDto.java", "Java", 0, 0, 0, 0, 0, 0, 9, 0, 0, 3, 12
"/run/media/atomic_dev25/SHARED/shared/C/Users/Administrator/Desktop/Projects/JAVA/sentinel.pay/sentinel.pay/src/main/java/com/github/sentinel/pay/application/dto/user/UserDto.java", "Java", 0, 0, 0, 0, 0, 0, 17, 0, 0, 3, 20
"/run/media/atomic_dev25/SHARED/shared/C/Users/Administrator/Desktop/Projects/JAVA/sentinel.pay/sentinel.pay/src/main/java/com/github/sentinel/pay/application/exceptions/TransactionAmountBelowZeroException.java", "Java", 0, 0, 0, 0, 0, 0, 6, 0, 0, 3, 9
"/run/media/atomic_dev25/SHARED/shared/C/Users/Administrator/Desktop/Projects/JAVA/sentinel.pay/sentinel.pay/src/main/java/com/github/sentinel/pay/application/exceptions/UnauthorizedException.java", "Java", 0, 0, 0, 0, 0, 0, 9, 0, 0, 4, 13
"/run/media/atomic_dev25/SHARED/shared/C/Users/Administrator/Desktop/Projects/JAVA/sentinel.pay/sentinel.pay/src/main/java/com/github/sentinel/pay/application/implementation/AuthServiceInteractor.java", "Java", 0, 0, 0, 0, 0, 0, 48, 0, 0, 12, 60
"/run/media/atomic_dev25/SHARED/shared/C/Users/Administrator/Desktop/Projects/JAVA/sentinel.pay/sentinel.pay/src/main/java/com/github/sentinel/pay/application/implementation/CreateAdminUserInteractor.java", "Java", 0, 0, 0, 0, 0, 0, 38, 0, 0, 6, 44
"/run/media/atomic_dev25/SHARED/shared/C/Users/Administrator/Desktop/Projects/JAVA/sentinel.pay/sentinel.pay/src/main/java/com/github/sentinel/pay/application/implementation/CreateApiKeyInteractor.java", "Java", 0, 0, 0, 0, 0, 0, 39, 0, 1, 10, 50
"/run/media/atomic_dev25/SHARED/shared/C/Users/Administrator/Desktop/Projects/JAVA/sentinel.pay/sentinel.pay/src/main/java/com/github/sentinel/pay/application/implementation/DeleteApiKeyInteractor.java", "Java", 0, 0, 0, 0, 0, 0, 22, 0, 1, 4, 27
"/run/media/atomic_dev25/SHARED/shared/C/Users/Administrator/Desktop/Projects/JAVA/sentinel.pay/sentinel.pay/src/main/java/com/github/sentinel/pay/application/implementation/EvaluateTransactionForFraudInteractor.java", "Java", 0, 0, 0, 0, 0, 0, 143, 0, 15, 13, 171
"/run/media/atomic_dev25/SHARED/shared/C/Users/Administrator/Desktop/Projects/JAVA/sentinel.pay/sentinel.pay/src/main/java/com/github/sentinel/pay/application/implementation/GetDashBoardDataInteractor.java", "Java", 0, 0, 0, 0, 0, 0, 81, 0, 6, 6, 93
"/run/media/atomic_dev25/SHARED/shared/C/Users/Administrator/Desktop/Projects/JAVA/sentinel.pay/sentinel.pay/src/main/java/com/github/sentinel/pay/application/implementation/GetDecisionDetailByDecisionIdInteractor.java", "Java", 0, 0, 0, 0, 0, 0, 15, 0, 0, 3, 18
"/run/media/atomic_dev25/SHARED/shared/C/Users/Administrator/Desktop/Projects/JAVA/sentinel.pay/sentinel.pay/src/main/java/com/github/sentinel/pay/application/implementation/GetDecisionsByClientAccountIdInteractor.java", "Java", 0, 0, 0, 0, 0, 0, 39, 0, 0, 6, 45
"/run/media/atomic_dev25/SHARED/shared/C/Users/Administrator/Desktop/Projects/JAVA/sentinel.pay/sentinel.pay/src/main/java/com/github/sentinel/pay/application/implementation/GetIncidentDetailsByIncidentIdInteractor.java", "Java", 0, 0, 0, 0, 0, 0, 49, 0, 1, 4, 54
"/run/media/atomic_dev25/SHARED/shared/C/Users/Administrator/Desktop/Projects/JAVA/sentinel.pay/sentinel.pay/src/main/java/com/github/sentinel/pay/application/implementation/GetRiskProfileByAccountIdInteractor.java", "Java", 0, 0, 0, 0, 0, 0, 48, 0, 0, 7, 55
"/run/media/atomic_dev25/SHARED/shared/C/Users/Administrator/Desktop/Projects/JAVA/sentinel.pay/sentinel.pay/src/main/java/com/github/sentinel/pay/application/implementation/GetUserInfoForSideBarInteractor.java", "Java", 0, 0, 0, 0, 0, 0, 23, 0, 0, 8, 31
"/run/media/atomic_dev25/SHARED/shared/C/Users/Administrator/Desktop/Projects/JAVA/sentinel.pay/sentinel.pay/src/main/java/com/github/sentinel/pay/application/implementation/ListAllFraudIncidentsByTenantInteractor.java", "Java", 0, 0, 0, 0, 0, 0, 36, 0, 0, 5, 41
"/run/media/atomic_dev25/SHARED/shared/C/Users/Administrator/Desktop/Projects/JAVA/sentinel.pay/sentinel.pay/src/main/java/com/github/sentinel/pay/application/implementation/ListApiKeyByUserIdInteractor.java", "Java", 0, 0, 0, 0, 0, 0, 20, 0, 0, 5, 25
"/run/media/atomic_dev25/SHARED/shared/C/Users/Administrator/Desktop/Projects/JAVA/sentinel.pay/sentinel.pay/src/main/java/com/github/sentinel/pay/application/implementation/ListFraudIncidentsByAccountInteractor.java", "Java", 0, 0, 0, 0, 0, 0, 13, 0, 0, 3, 16
"/run/media/atomic_dev25/SHARED/shared/C/Users/Administrator/Desktop/Projects/JAVA/sentinel.pay/sentinel.pay/src/main/java/com/github/sentinel/pay/application/implementation/LoadClienAccountIdDataInteractor.java", "Java", 0, 0, 0, 0, 0, 0, 50, 0, 1, 4, 55
"/run/media/atomic_dev25/SHARED/shared/C/Users/Administrator/Desktop/Projects/JAVA/sentinel.pay/sentinel.pay/src/main/java/com/github/sentinel/pay/application/implementation/OpenFraudIncidentInteractor.java", "Java", 0, 0, 0, 0, 0, 0, 36, 0, 0, 6, 42
"/run/media/atomic_dev25/SHARED/shared/C/Users/Administrator/Desktop/Projects/JAVA/sentinel.pay/sentinel.pay/src/main/java/com/github/sentinel/pay/application/implementation/ResolveFraudIncidentInteractor.java", "Java", 0, 0, 0, 0, 0, 0, 77, 0, 2, 6, 85
"/run/media/atomic_dev25/SHARED/shared/C/Users/Administrator/Desktop/Projects/JAVA/sentinel.pay/sentinel.pay/src/main/java/com/github/sentinel/pay/application/implementation/UpdateAccountRiskProfileInteractor.java", "Java", 0, 0, 0, 0, 0, 0, 24, 0, 3, 4, 31
"/run/media/atomic_dev25/SHARED/shared/C/Users/Administrator/Desktop/Projects/JAVA/sentinel.pay/sentinel.pay/src/main/java/com/github/sentinel/pay/application/implementation/UpdateDecisionInteractor.java", "Java", 0, 0, 0, 0, 0, 0, 28, 0, 0, 4, 32
"/run/media/atomic_dev25/SHARED/shared/C/Users/Administrator/Desktop/Projects/JAVA/sentinel.pay/sentinel.pay/src/main/java/com/github/sentinel/pay/application/implementation/UpdateUserInteractor.java", "Java", 0, 0, 0, 0, 0, 0, 33, 0, 1, 4, 38
"/run/media/atomic_dev25/SHARED/shared/C/Users/Administrator/Desktop/Projects/JAVA/sentinel.pay/sentinel.pay/src/main/java/com/github/sentinel/pay/application/mapper/ProfileBreakDownMapper.java", "Java", 0, 0, 0, 0, 0, 0, 14, 0, 0, 5, 19
"/run/media/atomic_dev25/SHARED/shared/C/Users/Administrator/Desktop/Projects/JAVA/sentinel.pay/sentinel.pay/src/main/java/com/github/sentinel/pay/application/services/AuthService.java", "Java", 0, 0, 0, 0, 0, 0, 8, 0, 0, 4, 12
"/run/media/atomic_dev25/SHARED/shared/C/Users/Administrator/Desktop/Projects/JAVA/sentinel.pay/sentinel.pay/src/main/java/com/github/sentinel/pay/application/services/CreateAdminUserUseCase.java", "Java", 0, 0, 0, 0, 0, 0, 4, 0, 0, 2, 6
"/run/media/atomic_dev25/SHARED/shared/C/Users/Administrator/Desktop/Projects/JAVA/sentinel.pay/sentinel.pay/src/main/java/com/github/sentinel/pay/application/services/CreateApiKeyUseCase.java", "Java", 0, 0, 0, 0, 0, 0, 5, 0, 0, 3, 8
"/run/media/atomic_dev25/SHARED/shared/C/Users/Administrator/Desktop/Projects/JAVA/sentinel.pay/sentinel.pay/src/main/java/com/github/sentinel/pay/application/services/DeleteApiKeyUseCase.java", "Java", 0, 0, 0, 0, 0, 0, 5, 0, 0, 3, 8
"/run/media/atomic_dev25/SHARED/shared/C/Users/Administrator/Desktop/Projects/JAVA/sentinel.pay/sentinel.pay/src/main/java/com/github/sentinel/pay/application/services/EvaluateTransactionForFraudUseCase.java", "Java", 0, 0, 0, 0, 0, 0, 6, 0, 0, 4, 10
"/run/media/atomic_dev25/SHARED/shared/C/Users/Administrator/Desktop/Projects/JAVA/sentinel.pay/sentinel.pay/src/main/java/com/github/sentinel/pay/application/services/GetDashBoardDataUseCase.java", "Java", 0, 0, 0, 0, 0, 0, 5, 0, 0, 3, 8
"/run/media/atomic_dev25/SHARED/shared/C/Users/Administrator/Desktop/Projects/JAVA/sentinel.pay/sentinel.pay/src/main/java/com/github/sentinel/pay/application/services/GetDecisionDetailByDecisionIdUseCase.java", "Java", 0, 0, 0, 0, 0, 0, 9, 0, 0, 4, 13
"/run/media/atomic_dev25/SHARED/shared/C/Users/Administrator/Desktop/Projects/JAVA/sentinel.pay/sentinel.pay/src/main/java/com/github/sentinel/pay/application/services/GetDecisionsByClientAccountIdUseCase.java", "Java", 0, 0, 0, 0, 0, 0, 7, 0, 0, 4, 11
"/run/media/atomic_dev25/SHARED/shared/C/Users/Administrator/Desktop/Projects/JAVA/sentinel.pay/sentinel.pay/src/main/java/com/github/sentinel/pay/application/services/GetFraudIncidentByIdUseCase.java", "Java", 0, 0, 0, 0, 0, 0, 3, 0, 0, 2, 5
"/run/media/atomic_dev25/SHARED/shared/C/Users/Administrator/Desktop/Projects/JAVA/sentinel.pay/sentinel.pay/src/main/java/com/github/sentinel/pay/application/services/GetIncidentDetailsByIncidentIdUseCase.java", "Java", 0, 0, 0, 0, 0, 0, 6, 0, 0, 3, 9
"/run/media/atomic_dev25/SHARED/shared/C/Users/Administrator/Desktop/Projects/JAVA/sentinel.pay/sentinel.pay/src/main/java/com/github/sentinel/pay/application/services/GetRiskProfileByAccountIdUseCase.java", "Java", 0, 0, 0, 0, 0, 0, 5, 0, 0, 3, 8
"/run/media/atomic_dev25/SHARED/shared/C/Users/Administrator/Desktop/Projects/JAVA/sentinel.pay/sentinel.pay/src/main/java/com/github/sentinel/pay/application/services/GetUserInfoForSideBarUseCase.java", "Java", 0, 0, 0, 0, 0, 0, 5, 0, 0, 3, 8
"/run/media/atomic_dev25/SHARED/shared/C/Users/Administrator/Desktop/Projects/JAVA/sentinel.pay/sentinel.pay/src/main/java/com/github/sentinel/pay/application/services/ListAllFraudIncidentsByTenantUseCase.java", "Java", 0, 0, 0, 0, 0, 0, 6, 0, 0, 4, 10
"/run/media/atomic_dev25/SHARED/shared/C/Users/Administrator/Desktop/Projects/JAVA/sentinel.pay/sentinel.pay/src/main/java/com/github/sentinel/pay/application/services/ListApiKeyByUserIdUseCase.java", "Java", 0, 0, 0, 0, 0, 0, 7, 0, 0, 4, 11
"/run/media/atomic_dev25/SHARED/shared/C/Users/Administrator/Desktop/Projects/JAVA/sentinel.pay/sentinel.pay/src/main/java/com/github/sentinel/pay/application/services/ListFraudIncidentsByAccountUseCase.java", "Java", 0, 0, 0, 0, 0, 0, 7, 0, 0, 4, 11
"/run/media/atomic_dev25/SHARED/shared/C/Users/Administrator/Desktop/Projects/JAVA/sentinel.pay/sentinel.pay/src/main/java/com/github/sentinel/pay/application/services/ListFraudIncidentsByIncidentIdUseCase.java", "Java", 0, 0, 0, 0, 0, 0, 3, 0, 0, 2, 5
"/run/media/atomic_dev25/SHARED/shared/C/Users/Administrator/Desktop/Projects/JAVA/sentinel.pay/sentinel.pay/src/main/java/com/github/sentinel/pay/application/services/LoadClienAccountIdDataUseCase.java", "Java", 0, 0, 0, 0, 0, 0, 6, 0, 0, 3, 9
"/run/media/atomic_dev25/SHARED/shared/C/Users/Administrator/Desktop/Projects/JAVA/sentinel.pay/sentinel.pay/src/main/java/com/github/sentinel/pay/application/services/OpenFraudIncidentUseCase.java", "Java", 0, 0, 0, 0, 0, 0, 7, 0, 0, 3, 10
"/run/media/atomic_dev25/SHARED/shared/C/Users/Administrator/Desktop/Projects/JAVA/sentinel.pay/sentinel.pay/src/main/java/com/github/sentinel/pay/application/services/ResolveFraudIncidentUseCase.java", "Java", 0, 0, 0, 0, 0, 0, 6, 0, 0, 4, 10
"/run/media/atomic_dev25/SHARED/shared/C/Users/Administrator/Desktop/Projects/JAVA/sentinel.pay/sentinel.pay/src/main/java/com/github/sentinel/pay/application/services/UpdateAccountRiskProfileUseCase.java", "Java", 0, 0, 0, 0, 0, 0, 5, 0, 0, 4, 9
"/run/media/atomic_dev25/SHARED/shared/C/Users/Administrator/Desktop/Projects/JAVA/sentinel.pay/sentinel.pay/src/main/java/com/github/sentinel/pay/application/services/UpdateDecisionUseCase.java", "Java", 0, 0, 0, 0, 0, 0, 6, 0, 0, 3, 9
"/run/media/atomic_dev25/SHARED/shared/C/Users/Administrator/Desktop/Projects/JAVA/sentinel.pay/sentinel.pay/src/main/java/com/github/sentinel/pay/application/services/UpdateUserUseCase.java", "Java", 0, 0, 0, 0, 0, 0, 5, 0, 0, 3, 8
"/run/media/atomic_dev25/SHARED/shared/C/Users/Administrator/Desktop/Projects/JAVA/sentinel.pay/sentinel.pay/src/main/java/com/github/sentinel/pay/domain/README.md", "Markdown", 17, 0, 0, 0, 0, 0, 0, 0, 0, 10, 27
"/run/media/atomic_dev25/SHARED/shared/C/Users/Administrator/Desktop/Projects/JAVA/sentinel.pay/sentinel.pay/src/main/java/com/github/sentinel/pay/domain/entity/accountRiskProfile/AccountRiskProfile.java", "Java", 0, 0, 0, 0, 0, 0, 56, 0, 1, 14, 71
"/run/media/atomic_dev25/SHARED/shared/C/Users/Administrator/Desktop/Projects/JAVA/sentinel.pay/sentinel.pay/src/main/java/com/github/sentinel/pay/domain/entity/accountRiskProfile/CurrencyProfile.java", "Java", 0, 0, 0, 0, 0, 0, 51, 0, 0, 9, 60
"/run/media/atomic_dev25/SHARED/shared/C/Users/Administrator/Desktop/Projects/JAVA/sentinel.pay/sentinel.pay/src/main/java/com/github/sentinel/pay/domain/entity/accountRiskProfile/IncidentStatistics.java", "Java", 0, 0, 0, 0, 0, 0, 13, 0, 0, 6, 19
"/run/media/atomic_dev25/SHARED/shared/C/Users/Administrator/Desktop/Projects/JAVA/sentinel.pay/sentinel.pay/src/main/java/com/github/sentinel/pay/domain/entity/accountRiskProfile/LocationProfile.java", "Java", 0, 0, 0, 0, 0, 0, 42, 0, 0, 12, 54
"/run/media/atomic_dev25/SHARED/shared/C/Users/Administrator/Desktop/Projects/JAVA/sentinel.pay/sentinel.pay/src/main/java/com/github/sentinel/pay/domain/entity/accountRiskProfile/MonetaryProfile.java", "Java", 0, 0, 0, 0, 0, 0, 51, 0, 1, 9, 61
"/run/media/atomic_dev25/SHARED/shared/C/Users/Administrator/Desktop/Projects/JAVA/sentinel.pay/sentinel.pay/src/main/java/com/github/sentinel/pay/domain/entity/accountRiskProfile/RiskLevelPolicy.java", "Java", 0, 0, 0, 0, 0, 0, 35, 0, 0, 15, 50
"/run/media/atomic_dev25/SHARED/shared/C/Users/Administrator/Desktop/Projects/JAVA/sentinel.pay/sentinel.pay/src/main/java/com/github/sentinel/pay/domain/entity/accountRiskProfile/RiskProfileId.java", "Java", 0, 0, 0, 0, 0, 0, 9, 0, 0, 3, 12
"/run/media/atomic_dev25/SHARED/shared/C/Users/Administrator/Desktop/Projects/JAVA/sentinel.pay/sentinel.pay/src/main/java/com/github/sentinel/pay/domain/entity/accountRiskProfile/VelocityProfile.java", "Java", 0, 0, 0, 0, 0, 0, 43, 0, 0, 10, 53
"/run/media/atomic_dev25/SHARED/shared/C/Users/Administrator/Desktop/Projects/JAVA/sentinel.pay/sentinel.pay/src/main/java/com/github/sentinel/pay/domain/entity/accountRiskProfile/deprecated/AverageAmount.java", "Java", 0, 0, 0, 0, 0, 0, 19, 0, 0, 5, 24
"/run/media/atomic_dev25/SHARED/shared/C/Users/Administrator/Desktop/Projects/JAVA/sentinel.pay/sentinel.pay/src/main/java/com/github/sentinel/pay/domain/entity/accountRiskProfile/deprecated/AverageCurrencyTransaction.java", "Java", 0, 0, 0, 0, 0, 0, 19, 0, 0, 7, 26
"/run/media/atomic_dev25/SHARED/shared/C/Users/Administrator/Desktop/Projects/JAVA/sentinel.pay/sentinel.pay/src/main/java/com/github/sentinel/pay/domain/entity/accountRiskProfile/deprecated/AverageRiskScore.java", "Java", 0, 0, 0, 0, 0, 0, 15, 0, 0, 3, 18
"/run/media/atomic_dev25/SHARED/shared/C/Users/Administrator/Desktop/Projects/JAVA/sentinel.pay/sentinel.pay/src/main/java/com/github/sentinel/pay/domain/entity/accountRiskProfile/deprecated/DailyTransactionCount.java", "Java", 0, 0, 0, 0, 0, 0, 16, 0, 0, 4, 20
"/run/media/atomic_dev25/SHARED/shared/C/Users/Administrator/Desktop/Projects/JAVA/sentinel.pay/sentinel.pay/src/main/java/com/github/sentinel/pay/domain/entity/accountRiskProfile/deprecated/TransactionActivity.java", "Java", 0, 0, 0, 0, 0, 0, 11, 0, 28, 6, 45
"/run/media/atomic_dev25/SHARED/shared/C/Users/Administrator/Desktop/Projects/JAVA/sentinel.pay/sentinel.pay/src/main/java/com/github/sentinel/pay/domain/entity/accountRiskProfile/deprecated/UsualTransactionLocation.java", "Java", 0, 0, 0, 0, 0, 0, 22, 0, 0, 4, 26
"/run/media/atomic_dev25/SHARED/shared/C/Users/Administrator/Desktop/Projects/JAVA/sentinel.pay/sentinel.pay/src/main/java/com/github/sentinel/pay/domain/entity/audit/ActorType.java", "Java", 0, 0, 0, 0, 0, 0, 6, 0, 0, 2, 8
"/run/media/atomic_dev25/SHARED/shared/C/Users/Administrator/Desktop/Projects/JAVA/sentinel.pay/sentinel.pay/src/main/java/com/github/sentinel/pay/domain/entity/audit/AuditAction.java", "Java", 0, 0, 0, 0, 0, 0, 8, 0, 0, 1, 9
"/run/media/atomic_dev25/SHARED/shared/C/Users/Administrator/Desktop/Projects/JAVA/sentinel.pay/sentinel.pay/src/main/java/com/github/sentinel/pay/domain/entity/audit/AuditEntityType.java", "Java", 0, 0, 0, 0, 0, 0, 6, 0, 0, 2, 8
"/run/media/atomic_dev25/SHARED/shared/C/Users/Administrator/Desktop/Projects/JAVA/sentinel.pay/sentinel.pay/src/main/java/com/github/sentinel/pay/domain/entity/audit/AuditEntry.java", "Java", 0, 0, 0, 0, 0, 0, 81, 0, 0, 9, 90
"/run/media/atomic_dev25/SHARED/shared/C/Users/Administrator/Desktop/Projects/JAVA/sentinel.pay/sentinel.pay/src/main/java/com/github/sentinel/pay/domain/entity/audit/AuditLog.java", "Java", 0, 0, 0, 0, 0, 0, 23, 0, 0, 5, 28
"/run/media/atomic_dev25/SHARED/shared/C/Users/Administrator/Desktop/Projects/JAVA/sentinel.pay/sentinel.pay/src/main/java/com/github/sentinel/pay/domain/entity/audit/AuditLogId.java", "Java", 0, 0, 0, 0, 0, 0, 4, 0, 0, 3, 7
"/run/media/atomic_dev25/SHARED/shared/C/Users/Administrator/Desktop/Projects/JAVA/sentinel.pay/sentinel.pay/src/main/java/com/github/sentinel/pay/domain/entity/audit/AuditReason.java", "Java", 0, 0, 0, 0, 0, 0, 6, 0, 0, 2, 8
"/run/media/atomic_dev25/SHARED/shared/C/Users/Administrator/Desktop/Projects/JAVA/sentinel.pay/sentinel.pay/src/main/java/com/github/sentinel/pay/domain/entity/audit/AuditSnapshot.java", "Java", 0, 0, 0, 0, 0, 0, 42, 0, 1, 5, 48
"/run/media/atomic_dev25/SHARED/shared/C/Users/Administrator/Desktop/Projects/JAVA/sentinel.pay/sentinel.pay/src/main/java/com/github/sentinel/pay/domain/entity/audit/ReasonCode.java", "Java", 0, 0, 0, 0, 0, 0, 4, 0, 0, 2, 6
"/run/media/atomic_dev25/SHARED/shared/C/Users/Administrator/Desktop/Projects/JAVA/sentinel.pay/sentinel.pay/src/main/java/com/github/sentinel/pay/domain/entity/audit/reasonCode/DecisionAuditReasons.java", "Java", 0, 0, 0, 0, 0, 0, 11, 0, 0, 4, 15
"/run/media/atomic_dev25/SHARED/shared/C/Users/Administrator/Desktop/Projects/JAVA/sentinel.pay/sentinel.pay/src/main/java/com/github/sentinel/pay/domain/entity/audit/reasonCode/IncidentAuditReasons.java", "Java", 0, 0, 0, 0, 0, 0, 14, 0, 0, 5, 19
"/run/media/atomic_dev25/SHARED/shared/C/Users/Administrator/Desktop/Projects/JAVA/sentinel.pay/sentinel.pay/src/main/java/com/github/sentinel/pay/domain/entity/audit/snapshots/SnapshotKind.java", "Java", 0, 0, 0, 0, 0, 0, 5, 0, 0, 3, 8
"/run/media/atomic_dev25/SHARED/shared/C/Users/Administrator/Desktop/Projects/JAVA/sentinel.pay/sentinel.pay/src/main/java/com/github/sentinel/pay/domain/entity/audit/snapshots/SnapshotResourceType.java", "Java", 0, 0, 0, 0, 0, 0, 7, 0, 0, 3, 10
"/run/media/atomic_dev25/SHARED/shared/C/Users/Administrator/Desktop/Projects/JAVA/sentinel.pay/sentinel.pay/src/main/java/com/github/sentinel/pay/domain/entity/audit/snapshots/SnapshotVersion.java", "Java", 0, 0, 0, 0, 0, 0, 7, 0, 0, 3, 10
"/run/media/atomic_dev25/SHARED/shared/C/Users/Administrator/Desktop/Projects/JAVA/sentinel.pay/sentinel.pay/src/main/java/com/github/sentinel/pay/domain/entity/auth/apiKey/ApiKey.java", "Java", 0, 0, 0, 0, 0, 0, 47, 0, 0, 8, 55
"/run/media/atomic_dev25/SHARED/shared/C/Users/Administrator/Desktop/Projects/JAVA/sentinel.pay/sentinel.pay/src/main/java/com/github/sentinel/pay/domain/entity/auth/apiKey/ApiKeyId.java", "Java", 0, 0, 0, 0, 0, 0, 4, 0, 0, 3, 7
"/run/media/atomic_dev25/SHARED/shared/C/Users/Administrator/Desktop/Projects/JAVA/sentinel.pay/sentinel.pay/src/main/java/com/github/sentinel/pay/domain/entity/auth/apiKey/ApiKeyStatus.java", "Java", 0, 0, 0, 0, 0, 0, 5, 0, 0, 2, 7
"/run/media/atomic_dev25/SHARED/shared/C/Users/Administrator/Desktop/Projects/JAVA/sentinel.pay/sentinel.pay/src/main/java/com/github/sentinel/pay/domain/entity/auth/apiKey/ApiScope.java", "Java", 0, 0, 0, 0, 0, 0, 9, 0, 0, 2, 11
"/run/media/atomic_dev25/SHARED/shared/C/Users/Administrator/Desktop/Projects/JAVA/sentinel.pay/sentinel.pay/src/main/java/com/github/sentinel/pay/domain/entity/auth/user/User.java", "Java", 0, 0, 0, 0, 0, 0, 30, 0, 0, 9, 39
"/run/media/atomic_dev25/SHARED/shared/C/Users/Administrator/Desktop/Projects/JAVA/sentinel.pay/sentinel.pay/src/main/java/com/github/sentinel/pay/domain/entity/auth/user/UserId.java", "Java", 0, 0, 0, 0, 0, 0, 4, 0, 0, 3, 7
"/run/media/atomic_dev25/SHARED/shared/C/Users/Administrator/Desktop/Projects/JAVA/sentinel.pay/sentinel.pay/src/main/java/com/github/sentinel/pay/domain/entity/auth/user/UserPrincipal.java", "Java", 0, 0, 0, 0, 0, 0, 9, 0, 0, 4, 13
"/run/media/atomic_dev25/SHARED/shared/C/Users/Administrator/Desktop/Projects/JAVA/sentinel.pay/sentinel.pay/src/main/java/com/github/sentinel/pay/domain/entity/auth/user/UserRole.java", "Java", 0, 0, 0, 0, 0, 0, 7, 0, 0, 4, 11
"/run/media/atomic_dev25/SHARED/shared/C/Users/Administrator/Desktop/Projects/JAVA/sentinel.pay/sentinel.pay/src/main/java/com/github/sentinel/pay/domain/entity/fraudDecision/FraudDecision.java", "Java", 0, 0, 0, 0, 0, 0, 33, 0, 0, 5, 38
"/run/media/atomic_dev25/SHARED/shared/C/Users/Administrator/Desktop/Projects/JAVA/sentinel.pay/sentinel.pay/src/main/java/com/github/sentinel/pay/domain/entity/fraudDecision/FraudDecisionId.java", "Java", 0, 0, 0, 0, 0, 0, 6, 0, 0, 3, 9
"/run/media/atomic_dev25/SHARED/shared/C/Users/Administrator/Desktop/Projects/JAVA/sentinel.pay/sentinel.pay/src/main/java/com/github/sentinel/pay/domain/entity/fraudDecision/FraudDecisionType.java", "Java", 0, 0, 0, 0, 0, 0, 6, 0, 0, 2, 8
"/run/media/atomic_dev25/SHARED/shared/C/Users/Administrator/Desktop/Projects/JAVA/sentinel.pay/sentinel.pay/src/main/java/com/github/sentinel/pay/domain/entity/fraudIncident/FraudIncident.java", "Java", 0, 0, 0, 0, 0, 0, 37, 0, 0, 7, 44
"/run/media/atomic_dev25/SHARED/shared/C/Users/Administrator/Desktop/Projects/JAVA/sentinel.pay/sentinel.pay/src/main/java/com/github/sentinel/pay/domain/entity/fraudIncident/FraudIncidentId.java", "Java", 0, 0, 0, 0, 0, 0, 6, 0, 0, 3, 9
"/run/media/atomic_dev25/SHARED/shared/C/Users/Administrator/Desktop/Projects/JAVA/sentinel.pay/sentinel.pay/src/main/java/com/github/sentinel/pay/domain/entity/fraudIncident/FraudIncidentStatus.java", "Java", 0, 0, 0, 0, 0, 0, 53, 0, 0, 13, 66
"/run/media/atomic_dev25/SHARED/shared/C/Users/Administrator/Desktop/Projects/JAVA/sentinel.pay/sentinel.pay/src/main/java/com/github/sentinel/pay/domain/entity/fraudIncident/FraudIncidentStatusPolicy.java", "Java", 0, 0, 0, 0, 0, 0, 12, 0, 0, 3, 15
"/run/media/atomic_dev25/SHARED/shared/C/Users/Administrator/Desktop/Projects/JAVA/sentinel.pay/sentinel.pay/src/main/java/com/github/sentinel/pay/domain/entity/fraudRules/AccessOutsideOfOpeningHoursFraudRule.java", "Java", 0, 0, 0, 0, 0, 0, 10, 0, 4, 7, 21
"/run/media/atomic_dev25/SHARED/shared/C/Users/Administrator/Desktop/Projects/JAVA/sentinel.pay/sentinel.pay/src/main/java/com/github/sentinel/pay/domain/entity/fraudRules/FraudRule.java", "Java", 0, 0, 0, 0, 0, 0, 7, 0, 0, 3, 10
"/run/media/atomic_dev25/SHARED/shared/C/Users/Administrator/Desktop/Projects/JAVA/sentinel.pay/sentinel.pay/src/main/java/com/github/sentinel/pay/domain/entity/fraudRules/HighRiskAndRemoteTransactionFraudRule.java", "Java", 0, 0, 0, 0, 0, 0, 15, 0, 0, 3, 18
"/run/media/atomic_dev25/SHARED/shared/C/Users/Administrator/Desktop/Projects/JAVA/sentinel.pay/sentinel.pay/src/main/java/com/github/sentinel/pay/domain/entity/fraudRules/TransactionAmountFraudRule.java", "Java", 0, 0, 0, 0, 0, 0, 15, 0, 9, 5, 29
"/run/media/atomic_dev25/SHARED/shared/C/Users/Administrator/Desktop/Projects/JAVA/sentinel.pay/sentinel.pay/src/main/java/com/github/sentinel/pay/domain/entity/fraudRules/TransactionVelocityFraudRule.java", "Java", 0, 0, 0, 0, 0, 0, 15, 0, 9, 5, 29
"/run/media/atomic_dev25/SHARED/shared/C/Users/Administrator/Desktop/Projects/JAVA/sentinel.pay/sentinel.pay/src/main/java/com/github/sentinel/pay/domain/entity/fraudRules/UnusualCurrencyFraudRule.java", "Java", 0, 0, 0, 0, 0, 0, 15, 0, 0, 4, 19
"/run/media/atomic_dev25/SHARED/shared/C/Users/Administrator/Desktop/Projects/JAVA/sentinel.pay/sentinel.pay/src/main/java/com/github/sentinel/pay/domain/entity/fraudRules/UnusualLocationFraudRule.java", "Java", 0, 0, 0, 0, 0, 0, 15, 0, 0, 3, 18
"/run/media/atomic_dev25/SHARED/shared/C/Users/Administrator/Desktop/Projects/JAVA/sentinel.pay/sentinel.pay/src/main/java/com/github/sentinel/pay/domain/entity/risk/FraudSignal.java", "Java", 0, 0, 0, 0, 0, 0, 25, 0, 9, 2, 36
"/run/media/atomic_dev25/SHARED/shared/C/Users/Administrator/Desktop/Projects/JAVA/sentinel.pay/sentinel.pay/src/main/java/com/github/sentinel/pay/domain/entity/risk/RiskImpactScale.java", "Java", 0, 0, 0, 0, 0, 0, 11, 0, 0, 1, 12
"/run/media/atomic_dev25/SHARED/shared/C/Users/Administrator/Desktop/Projects/JAVA/sentinel.pay/sentinel.pay/src/main/java/com/github/sentinel/pay/domain/entity/risk/RiskLevel.java", "Java", 0, 0, 0, 0, 0, 0, 7, 0, 5, 3, 15
"/run/media/atomic_dev25/SHARED/shared/C/Users/Administrator/Desktop/Projects/JAVA/sentinel.pay/sentinel.pay/src/main/java/com/github/sentinel/pay/domain/entity/risk/RiskMagnitude.java", "Java", 0, 0, 0, 0, 0, 0, 11, 0, 0, 2, 13
"/run/media/atomic_dev25/SHARED/shared/C/Users/Administrator/Desktop/Projects/JAVA/sentinel.pay/sentinel.pay/src/main/java/com/github/sentinel/pay/domain/entity/risk/RiskScore.java", "Java", 0, 0, 0, 0, 0, 0, 17, 0, 11, 6, 34
"/run/media/atomic_dev25/SHARED/shared/C/Users/Administrator/Desktop/Projects/JAVA/sentinel.pay/sentinel.pay/src/main/java/com/github/sentinel/pay/domain/entity/risk/RiskSignal.java", "Java", 0, 0, 0, 0, 0, 0, 6, 0, 0, 2, 8
"/run/media/atomic_dev25/SHARED/shared/C/Users/Administrator/Desktop/Projects/JAVA/sentinel.pay/sentinel.pay/src/main/java/com/github/sentinel/pay/domain/entity/risk/RiskType.java", "Java", 0, 0, 0, 0, 0, 0, 7, 0, 0, 2, 9
"/run/media/atomic_dev25/SHARED/shared/C/Users/Administrator/Desktop/Projects/JAVA/sentinel.pay/sentinel.pay/src/main/java/com/github/sentinel/pay/domain/entity/risk/RiskWeightPolicy.java", "Java", 0, 0, 0, 0, 0, 0, 13, 0, 0, 5, 18
"/run/media/atomic_dev25/SHARED/shared/C/Users/Administrator/Desktop/Projects/JAVA/sentinel.pay/sentinel.pay/src/main/java/com/github/sentinel/pay/domain/entity/shared/AccountId.java", "Java", 0, 0, 0, 0, 0, 0, 9, 0, 0, 4, 13
"/run/media/atomic_dev25/SHARED/shared/C/Users/Administrator/Desktop/Projects/JAVA/sentinel.pay/sentinel.pay/src/main/java/com/github/sentinel/pay/domain/entity/shared/ClientAccountId.java", "Java", 0, 0, 0, 0, 0, 0, 10, 0, 0, 4, 14
"/run/media/atomic_dev25/SHARED/shared/C/Users/Administrator/Desktop/Projects/JAVA/sentinel.pay/sentinel.pay/src/main/java/com/github/sentinel/pay/domain/entity/shared/Currency.java", "Java", 0, 0, 0, 0, 0, 0, 8, 0, 0, 4, 12
"/run/media/atomic_dev25/SHARED/shared/C/Users/Administrator/Desktop/Projects/JAVA/sentinel.pay/sentinel.pay/src/main/java/com/github/sentinel/pay/domain/entity/shared/Location.java", "Java", 0, 0, 0, 0, 0, 0, 16, 0, 0, 4, 20
"/run/media/atomic_dev25/SHARED/shared/C/Users/Administrator/Desktop/Projects/JAVA/sentinel.pay/sentinel.pay/src/main/java/com/github/sentinel/pay/domain/entity/transaction/Channel.java", "Java", 0, 0, 0, 0, 0, 0, 24, 0, 0, 9, 33
"/run/media/atomic_dev25/SHARED/shared/C/Users/Administrator/Desktop/Projects/JAVA/sentinel.pay/sentinel.pay/src/main/java/com/github/sentinel/pay/domain/entity/transaction/Money.java", "Java", 0, 0, 0, 0, 0, 0, 27, 0, 0, 10, 37
"/run/media/atomic_dev25/SHARED/shared/C/Users/Administrator/Desktop/Projects/JAVA/sentinel.pay/sentinel.pay/src/main/java/com/github/sentinel/pay/domain/entity/transaction/Transaction.java", "Java", 0, 0, 0, 0, 0, 0, 28, 0, 0, 9, 37
"/run/media/atomic_dev25/SHARED/shared/C/Users/Administrator/Desktop/Projects/JAVA/sentinel.pay/sentinel.pay/src/main/java/com/github/sentinel/pay/domain/entity/transaction/TransactionId.java", "Java", 0, 0, 0, 0, 0, 0, 6, 0, 0, 3, 9
"/run/media/atomic_dev25/SHARED/shared/C/Users/Administrator/Desktop/Projects/JAVA/sentinel.pay/sentinel.pay/src/main/java/com/github/sentinel/pay/domain/entity/transaction/TransactionType.java", "Java", 0, 0, 0, 0, 0, 0, 30, 0, 8, 11, 49
"/run/media/atomic_dev25/SHARED/shared/C/Users/Administrator/Desktop/Projects/JAVA/sentinel.pay/sentinel.pay/src/main/java/com/github/sentinel/pay/domain/policies/AuditReasonPolicy.java", "Java", 0, 0, 0, 0, 0, 0, 21, 0, 2, 3, 26
"/run/media/atomic_dev25/SHARED/shared/C/Users/Administrator/Desktop/Projects/JAVA/sentinel.pay/sentinel.pay/src/main/java/com/github/sentinel/pay/domain/policies/FraudDecisionPolicy.java", "Java", 0, 0, 0, 0, 0, 0, 14, 0, 0, 4, 18
"/run/media/atomic_dev25/SHARED/shared/C/Users/Administrator/Desktop/Projects/JAVA/sentinel.pay/sentinel.pay/src/main/java/com/github/sentinel/pay/domain/repository/ApiKeyRepository.java", "Java", 0, 0, 0, 0, 0, 0, 13, 0, 0, 4, 17
"/run/media/atomic_dev25/SHARED/shared/C/Users/Administrator/Desktop/Projects/JAVA/sentinel.pay/sentinel.pay/src/main/java/com/github/sentinel/pay/domain/repository/AuditAppenderRepository.java", "Java", 0, 0, 0, 0, 0, 0, 5, 0, 0, 3, 8
"/run/media/atomic_dev25/SHARED/shared/C/Users/Administrator/Desktop/Projects/JAVA/sentinel.pay/sentinel.pay/src/main/java/com/github/sentinel/pay/domain/repository/FraudDecisionRepository.java", "Java", 0, 0, 0, 0, 0, 0, 18, 0, 0, 9, 27
"/run/media/atomic_dev25/SHARED/shared/C/Users/Administrator/Desktop/Projects/JAVA/sentinel.pay/sentinel.pay/src/main/java/com/github/sentinel/pay/domain/repository/FraudIncidentRepository.java", "Java", 0, 0, 0, 0, 0, 0, 20, 0, 0, 14, 34
"/run/media/atomic_dev25/SHARED/shared/C/Users/Administrator/Desktop/Projects/JAVA/sentinel.pay/sentinel.pay/src/main/java/com/github/sentinel/pay/domain/repository/RiskProfileRepository.java", "Java", 0, 0, 0, 0, 0, 0, 17, 0, 0, 9, 26
"/run/media/atomic_dev25/SHARED/shared/C/Users/Administrator/Desktop/Projects/JAVA/sentinel.pay/sentinel.pay/src/main/java/com/github/sentinel/pay/domain/repository/TransactionRepository.java", "Java", 0, 0, 0, 0, 0, 0, 14, 0, 0, 7, 21
"/run/media/atomic_dev25/SHARED/shared/C/Users/Administrator/Desktop/Projects/JAVA/sentinel.pay/sentinel.pay/src/main/java/com/github/sentinel/pay/domain/repository/UserRepository.java", "Java", 0, 0, 0, 0, 0, 0, 10, 0, 0, 6, 16
"/run/media/atomic_dev25/SHARED/shared/C/Users/Administrator/Desktop/Projects/JAVA/sentinel.pay/sentinel.pay/src/main/java/com/github/sentinel/pay/domain/utils/ApiKeySecurity.java", "Java", 0, 0, 0, 0, 0, 0, 23, 0, 0, 6, 29
"/run/media/atomic_dev25/SHARED/shared/C/Users/Administrator/Desktop/Projects/JAVA/sentinel.pay/sentinel.pay/src/main/java/com/github/sentinel/pay/infrastructure/config/monitoring/MemoryMonitor.java", "Java", 0, 0, 0, 0, 0, 0, 17, 0, 1, 6, 24
"/run/media/atomic_dev25/SHARED/shared/C/Users/Administrator/Desktop/Projects/JAVA/sentinel.pay/sentinel.pay/src/main/java/com/github/sentinel/pay/infrastructure/config/security/AuthResolver.java", "Java", 0, 0, 0, 0, 0, 0, 24, 0, 0, 8, 32
"/run/media/atomic_dev25/SHARED/shared/C/Users/Administrator/Desktop/Projects/JAVA/sentinel.pay/sentinel.pay/src/main/java/com/github/sentinel/pay/infrastructure/config/security/AuthenticationType.java", "Java", 0, 0, 0, 0, 0, 0, 5, 0, 0, 2, 7
"/run/media/atomic_dev25/SHARED/shared/C/Users/Administrator/Desktop/Projects/JAVA/sentinel.pay/sentinel.pay/src/main/java/com/github/sentinel/pay/infrastructure/config/security/BeanConfiguration.java", "Java", 0, 0, 0, 0, 0, 0, 14, 0, 0, 3, 17
"/run/media/atomic_dev25/SHARED/shared/C/Users/Administrator/Desktop/Projects/JAVA/sentinel.pay/sentinel.pay/src/main/java/com/github/sentinel/pay/infrastructure/config/security/SecurityConfig.java", "Java", 0, 0, 0, 0, 0, 0, 67, 0, 3, 11, 81
"/run/media/atomic_dev25/SHARED/shared/C/Users/Administrator/Desktop/Projects/JAVA/sentinel.pay/sentinel.pay/src/main/java/com/github/sentinel/pay/infrastructure/config/security/SecurityUserDetails.java", "Java", 0, 0, 0, 0, 0, 0, 35, 0, 2, 10, 47
"/run/media/atomic_dev25/SHARED/shared/C/Users/Administrator/Desktop/Projects/JAVA/sentinel.pay/sentinel.pay/src/main/java/com/github/sentinel/pay/infrastructure/config/security/UserDetailsServiceImpl.java", "Java", 0, 0, 0, 0, 0, 0, 34, 0, 0, 7, 41
"/run/media/atomic_dev25/SHARED/shared/C/Users/Administrator/Desktop/Projects/JAVA/sentinel.pay/sentinel.pay/src/main/java/com/github/sentinel/pay/infrastructure/config/security/filter/AuthenticationFilter.java", "Java", 0, 0, 0, 0, 0, 0, 32, 0, 0, 8, 40
"/run/media/atomic_dev25/SHARED/shared/C/Users/Administrator/Desktop/Projects/JAVA/sentinel.pay/sentinel.pay/src/main/java/com/github/sentinel/pay/infrastructure/config/security/filter/TenantContextFilter.java", "Java", 0, 0, 0, 0, 0, 0, 40, 0, 0, 10, 50
"/run/media/atomic_dev25/SHARED/shared/C/Users/Administrator/Desktop/Projects/JAVA/sentinel.pay/sentinel.pay/src/main/java/com/github/sentinel/pay/infrastructure/config/security/provider/DomainAuthenticationProvider.java", "Java", 0, 0, 0, 0, 0, 0, 32, 0, 1, 8, 41
"/run/media/atomic_dev25/SHARED/shared/C/Users/Administrator/Desktop/Projects/JAVA/sentinel.pay/sentinel.pay/src/main/java/com/github/sentinel/pay/infrastructure/config/security/strategy/ApiKeyAuthenticator.java", "Java", 0, 0, 0, 0, 0, 0, 39, 0, 0, 11, 50
"/run/media/atomic_dev25/SHARED/shared/C/Users/Administrator/Desktop/Projects/JAVA/sentinel.pay/sentinel.pay/src/main/java/com/github/sentinel/pay/infrastructure/config/security/strategy/AuthenticationStrategy.java", "Java", 0, 0, 0, 0, 0, 0, 5, 0, 0, 4, 9
"/run/media/atomic_dev25/SHARED/shared/C/Users/Administrator/Desktop/Projects/JAVA/sentinel.pay/sentinel.pay/src/main/java/com/github/sentinel/pay/infrastructure/config/security/strategy/SessionAuthenticator.java", "Java", 0, 0, 0, 0, 0, 0, 21, 0, 16, 7, 44
"/run/media/atomic_dev25/SHARED/shared/C/Users/Administrator/Desktop/Projects/JAVA/sentinel.pay/sentinel.pay/src/main/java/com/github/sentinel/pay/infrastructure/config/security/tenant/TenantContext.java", "Java", 0, 0, 0, 0, 0, 0, 18, 0, 0, 11, 29
"/run/media/atomic_dev25/SHARED/shared/C/Users/Administrator/Desktop/Projects/JAVA/sentinel.pay/sentinel.pay/src/main/java/com/github/sentinel/pay/infrastructure/config/security/tenant/TenantContextHolder.java", "Java", 0, 0, 0, 0, 0, 0, 14, 0, 0, 9, 23
"/run/media/atomic_dev25/SHARED/shared/C/Users/Administrator/Desktop/Projects/JAVA/sentinel.pay/sentinel.pay/src/main/java/com/github/sentinel/pay/infrastructure/in/web/controller/AccountController.java", "Java", 0, 0, 0, 0, 0, 0, 29, 0, 2, 4, 35
"/run/media/atomic_dev25/SHARED/shared/C/Users/Administrator/Desktop/Projects/JAVA/sentinel.pay/sentinel.pay/src/main/java/com/github/sentinel/pay/infrastructure/in/web/controller/ApiKeyController.java", "Java", 0, 0, 0, 0, 0, 0, 18, 0, 0, 6, 24
"/run/media/atomic_dev25/SHARED/shared/C/Users/Administrator/Desktop/Projects/JAVA/sentinel.pay/sentinel.pay/src/main/java/com/github/sentinel/pay/infrastructure/in/web/controller/AuthController.java", "Java", 0, 0, 0, 0, 0, 0, 37, 0, 0, 7, 44
"/run/media/atomic_dev25/SHARED/shared/C/Users/Administrator/Desktop/Projects/JAVA/sentinel.pay/sentinel.pay/src/main/java/com/github/sentinel/pay/infrastructure/in/web/controller/DashboardController.java", "Java", 0, 0, 0, 0, 0, 0, 24, 0, 4, 4, 32
"/run/media/atomic_dev25/SHARED/shared/C/Users/Administrator/Desktop/Projects/JAVA/sentinel.pay/sentinel.pay/src/main/java/com/github/sentinel/pay/infrastructure/in/web/controller/DecisionController.java", "Java", 0, 0, 0, 0, 0, 0, 43, 0, 0, 6, 49
"/run/media/atomic_dev25/SHARED/shared/C/Users/Administrator/Desktop/Projects/JAVA/sentinel.pay/sentinel.pay/src/main/java/com/github/sentinel/pay/infrastructure/in/web/controller/GlobalControllerAdvice.java", "Java", 0, 0, 0, 0, 0, 0, 28, 0, 1, 7, 36
"/run/media/atomic_dev25/SHARED/shared/C/Users/Administrator/Desktop/Projects/JAVA/sentinel.pay/sentinel.pay/src/main/java/com/github/sentinel/pay/infrastructure/in/web/controller/HomeController.java", "Java", 0, 0, 0, 0, 0, 0, 10, 0, 0, 3, 13
"/run/media/atomic_dev25/SHARED/shared/C/Users/Administrator/Desktop/Projects/JAVA/sentinel.pay/sentinel.pay/src/main/java/com/github/sentinel/pay/infrastructure/in/web/controller/IncidentController.java", "Java", 0, 0, 0, 0, 0, 0, 51, 0, 3, 6, 60
"/run/media/atomic_dev25/SHARED/shared/C/Users/Administrator/Desktop/Projects/JAVA/sentinel.pay/sentinel.pay/src/main/java/com/github/sentinel/pay/infrastructure/in/web/controller/SettingsController.java", "Java", 0, 0, 0, 0, 0, 0, 64, 0, 23, 12, 99
"/run/media/atomic_dev25/SHARED/shared/C/Users/Administrator/Desktop/Projects/JAVA/sentinel.pay/sentinel.pay/src/main/java/com/github/sentinel/pay/infrastructure/in/web/controller/TransactionController.java", "Java", 0, 0, 0, 0, 0, 0, 58, 0, 25, 10, 93
"/run/media/atomic_dev25/SHARED/shared/C/Users/Administrator/Desktop/Projects/JAVA/sentinel.pay/sentinel.pay/src/main/java/com/github/sentinel/pay/infrastructure/in/web/controller/rest/TransactionRestController.java", "Java", 0, 0, 0, 0, 0, 0, 22, 0, 2, 4, 28
"/run/media/atomic_dev25/SHARED/shared/C/Users/Administrator/Desktop/Projects/JAVA/sentinel.pay/sentinel.pay/src/main/java/com/github/sentinel/pay/infrastructure/out/persistence/EntityModels/AccountRiskProfileEntity.java", "Java", 0, 0, 0, 0, 0, 0, 22, 0, 2, 5, 29
"/run/media/atomic_dev25/SHARED/shared/C/Users/Administrator/Desktop/Projects/JAVA/sentinel.pay/sentinel.pay/src/main/java/com/github/sentinel/pay/infrastructure/out/persistence/EntityModels/ApiKeyEntity.java", "Java", 0, 0, 0, 0, 0, 0, 29, 0, 0, 4, 33
"/run/media/atomic_dev25/SHARED/shared/C/Users/Administrator/Desktop/Projects/JAVA/sentinel.pay/sentinel.pay/src/main/java/com/github/sentinel/pay/infrastructure/out/persistence/EntityModels/AuditLogEntity.java", "Java", 0, 0, 0, 0, 0, 0, 29, 0, 0, 3, 32
"/run/media/atomic_dev25/SHARED/shared/C/Users/Administrator/Desktop/Projects/JAVA/sentinel.pay/sentinel.pay/src/main/java/com/github/sentinel/pay/infrastructure/out/persistence/EntityModels/AuditSnapshotEntity.java", "Java", 0, 0, 0, 0, 0, 0, 32, 0, 0, 3, 35
"/run/media/atomic_dev25/SHARED/shared/C/Users/Administrator/Desktop/Projects/JAVA/sentinel.pay/sentinel.pay/src/main/java/com/github/sentinel/pay/infrastructure/out/persistence/EntityModels/CurrencyProfileEntity.java", "Java", 0, 0, 0, 0, 0, 0, 19, 0, 0, 6, 25
"/run/media/atomic_dev25/SHARED/shared/C/Users/Administrator/Desktop/Projects/JAVA/sentinel.pay/sentinel.pay/src/main/java/com/github/sentinel/pay/infrastructure/out/persistence/EntityModels/FraudDecisionEntity.java", "Java", 0, 0, 0, 0, 0, 0, 32, 0, 0, 4, 36
"/run/media/atomic_dev25/SHARED/shared/C/Users/Administrator/Desktop/Projects/JAVA/sentinel.pay/sentinel.pay/src/main/java/com/github/sentinel/pay/infrastructure/out/persistence/EntityModels/FraudIncidentEntity.java", "Java", 0, 0, 0, 0, 0, 0, 30, 0, 0, 4, 34
"/run/media/atomic_dev25/SHARED/shared/C/Users/Administrator/Desktop/Projects/JAVA/sentinel.pay/sentinel.pay/src/main/java/com/github/sentinel/pay/infrastructure/out/persistence/EntityModels/LocationProfileEntity.java", "Java", 0, 0, 0, 0, 0, 0, 19, 0, 0, 5, 24
"/run/media/atomic_dev25/SHARED/shared/C/Users/Administrator/Desktop/Projects/JAVA/sentinel.pay/sentinel.pay/src/main/java/com/github/sentinel/pay/infrastructure/out/persistence/EntityModels/MonetaryProfileEntity.java", "Java", 0, 0, 0, 0, 0, 0, 18, 0, 0, 5, 23
"/run/media/atomic_dev25/SHARED/shared/C/Users/Administrator/Desktop/Projects/JAVA/sentinel.pay/sentinel.pay/src/main/java/com/github/sentinel/pay/infrastructure/out/persistence/EntityModels/TransactionEntity.java", "Java", 0, 0, 0, 0, 0, 0, 33, 0, 0, 4, 37
"/run/media/atomic_dev25/SHARED/shared/C/Users/Administrator/Desktop/Projects/JAVA/sentinel.pay/sentinel.pay/src/main/java/com/github/sentinel/pay/infrastructure/out/persistence/EntityModels/UserEntity.java", "Java", 0, 0, 0, 0, 0, 0, 29, 0, 0, 5, 34
"/run/media/atomic_dev25/SHARED/shared/C/Users/Administrator/Desktop/Projects/JAVA/sentinel.pay/sentinel.pay/src/main/java/com/github/sentinel/pay/infrastructure/out/persistence/EntityModels/VelocityProfileEntity.java", "Java", 0, 0, 0, 0, 0, 0, 20, 0, 0, 4, 24
"/run/media/atomic_dev25/SHARED/shared/C/Users/Administrator/Desktop/Projects/JAVA/sentinel.pay/sentinel.pay/src/main/java/com/github/sentinel/pay/infrastructure/out/persistence/adapter/ApiKeyAdapter.java", "Java", 0, 0, 0, 0, 0, 0, 40, 0, 0, 7, 47
"/run/media/atomic_dev25/SHARED/shared/C/Users/Administrator/Desktop/Projects/JAVA/sentinel.pay/sentinel.pay/src/main/java/com/github/sentinel/pay/infrastructure/out/persistence/adapter/AuditLogAppenderAdapter.java", "Java", 0, 0, 0, 0, 0, 0, 35, 0, 0, 8, 43
"/run/media/atomic_dev25/SHARED/shared/C/Users/Administrator/Desktop/Projects/JAVA/sentinel.pay/sentinel.pay/src/main/java/com/github/sentinel/pay/infrastructure/out/persistence/adapter/FraudDecisionAdapter.java", "Java", 0, 0, 0, 0, 0, 0, 47, 0, 0, 11, 58
"/run/media/atomic_dev25/SHARED/shared/C/Users/Administrator/Desktop/Projects/JAVA/sentinel.pay/sentinel.pay/src/main/java/com/github/sentinel/pay/infrastructure/out/persistence/adapter/FraudIncidentAdapter.java", "Java", 0, 0, 0, 0, 0, 0, 72, 0, 0, 16, 88
"/run/media/atomic_dev25/SHARED/shared/C/Users/Administrator/Desktop/Projects/JAVA/sentinel.pay/sentinel.pay/src/main/java/com/github/sentinel/pay/infrastructure/out/persistence/adapter/RiskProfileAdapter.java", "Java", 0, 0, 0, 0, 0, 0, 144, 0, 1, 17, 162
"/run/media/atomic_dev25/SHARED/shared/C/Users/Administrator/Desktop/Projects/JAVA/sentinel.pay/sentinel.pay/src/main/java/com/github/sentinel/pay/infrastructure/out/persistence/adapter/TransactionAdapter.java", "Java", 0, 0, 0, 0, 0, 0, 50, 0, 0, 9, 59
"/run/media/atomic_dev25/SHARED/shared/C/Users/Administrator/Desktop/Projects/JAVA/sentinel.pay/sentinel.pay/src/main/java/com/github/sentinel/pay/infrastructure/out/persistence/adapter/UserAdapter.java", "Java", 0, 0, 0, 0, 0, 0, 41, 0, 0, 6, 47
"/run/media/atomic_dev25/SHARED/shared/C/Users/Administrator/Desktop/Projects/JAVA/sentinel.pay/sentinel.pay/src/main/java/com/github/sentinel/pay/infrastructure/out/persistence/base/BasePersistenceAdapter.java", "Java", 0, 0, 0, 0, 0, 0, 53, 0, 3, 14, 70
"/run/media/atomic_dev25/SHARED/shared/C/Users/Administrator/Desktop/Projects/JAVA/sentinel.pay/sentinel.pay/src/main/java/com/github/sentinel/pay/infrastructure/out/persistence/base/GenericPersistenceRepository.java", "Java", 0, 0, 0, 0, 0, 0, 14, 0, 6, 3, 23
"/run/media/atomic_dev25/SHARED/shared/C/Users/Administrator/Desktop/Projects/JAVA/sentinel.pay/sentinel.pay/src/main/java/com/github/sentinel/pay/infrastructure/out/persistence/jpa/AccountRiskProfileEntityRepository.java", "Java", 0, 0, 0, 0, 0, 0, 30, 0, 0, 13, 43
"/run/media/atomic_dev25/SHARED/shared/C/Users/Administrator/Desktop/Projects/JAVA/sentinel.pay/sentinel.pay/src/main/java/com/github/sentinel/pay/infrastructure/out/persistence/jpa/ApiKeyEntityRepository.java", "Java", 0, 0, 0, 0, 0, 0, 12, 0, 0, 7, 19
"/run/media/atomic_dev25/SHARED/shared/C/Users/Administrator/Desktop/Projects/JAVA/sentinel.pay/sentinel.pay/src/main/java/com/github/sentinel/pay/infrastructure/out/persistence/jpa/AuditLogEntityRepository.java", "Java", 0, 0, 0, 0, 0, 0, 8, 0, 0, 4, 12
"/run/media/atomic_dev25/SHARED/shared/C/Users/Administrator/Desktop/Projects/JAVA/sentinel.pay/sentinel.pay/src/main/java/com/github/sentinel/pay/infrastructure/out/persistence/jpa/AuditSnapshotEntityRepository.java", "Java", 0, 0, 0, 0, 0, 0, 6, 0, 0, 4, 10
"/run/media/atomic_dev25/SHARED/shared/C/Users/Administrator/Desktop/Projects/JAVA/sentinel.pay/sentinel.pay/src/main/java/com/github/sentinel/pay/infrastructure/out/persistence/jpa/CurrencyEntityRepository.java", "Java", 0, 0, 0, 0, 0, 0, 5, 0, 0, 4, 9
"/run/media/atomic_dev25/SHARED/shared/C/Users/Administrator/Desktop/Projects/JAVA/sentinel.pay/sentinel.pay/src/main/java/com/github/sentinel/pay/infrastructure/out/persistence/jpa/FraudDecisionEntityRepository.java", "Java", 0, 0, 0, 0, 0, 0, 18, 0, 0, 6, 24
"/run/media/atomic_dev25/SHARED/shared/C/Users/Administrator/Desktop/Projects/JAVA/sentinel.pay/sentinel.pay/src/main/java/com/github/sentinel/pay/infrastructure/out/persistence/jpa/FraudIncidentEntityRepository.java", "Java", 0, 0, 0, 0, 0, 0, 49, 0, 0, 8, 57
"/run/media/atomic_dev25/SHARED/shared/C/Users/Administrator/Desktop/Projects/JAVA/sentinel.pay/sentinel.pay/src/main/java/com/github/sentinel/pay/infrastructure/out/persistence/jpa/LocationEntityRepository.java", "Java", 0, 0, 0, 0, 0, 0, 5, 0, 0, 4, 9
"/run/media/atomic_dev25/SHARED/shared/C/Users/Administrator/Desktop/Projects/JAVA/sentinel.pay/sentinel.pay/src/main/java/com/github/sentinel/pay/infrastructure/out/persistence/jpa/MonetaryEntityRepository.java", "Java", 0, 0, 0, 0, 0, 0, 5, 0, 0, 4, 9
"/run/media/atomic_dev25/SHARED/shared/C/Users/Administrator/Desktop/Projects/JAVA/sentinel.pay/sentinel.pay/src/main/java/com/github/sentinel/pay/infrastructure/out/persistence/jpa/TransactionEntityRepository.java", "Java", 0, 0, 0, 0, 0, 0, 29, 0, 0, 8, 37
"/run/media/atomic_dev25/SHARED/shared/C/Users/Administrator/Desktop/Projects/JAVA/sentinel.pay/sentinel.pay/src/main/java/com/github/sentinel/pay/infrastructure/out/persistence/jpa/UserEntityRepository.java", "Java", 0, 0, 0, 0, 0, 0, 16, 0, 0, 7, 23
"/run/media/atomic_dev25/SHARED/shared/C/Users/Administrator/Desktop/Projects/JAVA/sentinel.pay/sentinel.pay/src/main/java/com/github/sentinel/pay/infrastructure/out/persistence/jpa/VelocityEntityRepository.java", "Java", 0, 0, 0, 0, 0, 0, 6, 0, 0, 5, 11
"/run/media/atomic_dev25/SHARED/shared/C/Users/Administrator/Desktop/Projects/JAVA/sentinel.pay/sentinel.pay/src/main/java/com/github/sentinel/pay/infrastructure/out/persistence/jpa/generic/EntityRepository.java", "Java", 0, 0, 0, 0, 0, 0, 6, 0, 0, 3, 9
"/run/media/atomic_dev25/SHARED/shared/C/Users/Administrator/Desktop/Projects/JAVA/sentinel.pay/sentinel.pay/src/main/java/com/github/sentinel/pay/infrastructure/out/persistence/mapper/ApiKeyMapper.java", "Java", 0, 0, 0, 0, 0, 0, 5, 0, 0, 3, 8
"/run/media/atomic_dev25/SHARED/shared/C/Users/Administrator/Desktop/Projects/JAVA/sentinel.pay/sentinel.pay/src/main/java/com/github/sentinel/pay/infrastructure/out/persistence/mapper/AuditLogMapper.java", "Java", 0, 0, 0, 0, 0, 0, 5, 0, 0, 3, 8
"/run/media/atomic_dev25/SHARED/shared/C/Users/Administrator/Desktop/Projects/JAVA/sentinel.pay/sentinel.pay/src/main/java/com/github/sentinel/pay/infrastructure/out/persistence/mapper/AuditSnapshotMapper.java", "Java", 0, 0, 0, 0, 0, 0, 7, 0, 0, 3, 10
"/run/media/atomic_dev25/SHARED/shared/C/Users/Administrator/Desktop/Projects/JAVA/sentinel.pay/sentinel.pay/src/main/java/com/github/sentinel/pay/infrastructure/out/persistence/mapper/EntityMapper.java", "Java", 0, 0, 0, 0, 0, 0, 5, 0, 0, 3, 8
"/run/media/atomic_dev25/SHARED/shared/C/Users/Administrator/Desktop/Projects/JAVA/sentinel.pay/sentinel.pay/src/main/java/com/github/sentinel/pay/infrastructure/out/persistence/mapper/FraudDecisionMapper.java", "Java", 0, 0, 0, 0, 0, 0, 5, 0, 0, 3, 8
"/run/media/atomic_dev25/SHARED/shared/C/Users/Administrator/Desktop/Projects/JAVA/sentinel.pay/sentinel.pay/src/main/java/com/github/sentinel/pay/infrastructure/out/persistence/mapper/FraudIncidentMapper.java", "Java", 0, 0, 0, 0, 0, 0, 5, 0, 0, 3, 8
"/run/media/atomic_dev25/SHARED/shared/C/Users/Administrator/Desktop/Projects/JAVA/sentinel.pay/sentinel.pay/src/main/java/com/github/sentinel/pay/infrastructure/out/persistence/mapper/RiskProfileMapper.java", "Java", 0, 0, 0, 0, 0, 0, 5, 0, 0, 3, 8
"/run/media/atomic_dev25/SHARED/shared/C/Users/Administrator/Desktop/Projects/JAVA/sentinel.pay/sentinel.pay/src/main/java/com/github/sentinel/pay/infrastructure/out/persistence/mapper/TransactionMapper.java", "Java", 0, 0, 0, 0, 0, 0, 5, 0, 0, 3, 8
"/run/media/atomic_dev25/SHARED/shared/C/Users/Administrator/Desktop/Projects/JAVA/sentinel.pay/sentinel.pay/src/main/java/com/github/sentinel/pay/infrastructure/out/persistence/mapper/UserMapper.java", "Java", 0, 0, 0, 0, 0, 0, 5, 0, 0, 3, 8
"/run/media/atomic_dev25/SHARED/shared/C/Users/Administrator/Desktop/Projects/JAVA/sentinel.pay/sentinel.pay/src/main/java/com/github/sentinel/pay/infrastructure/out/persistence/mapper/adapters/ApiKeyMapperImpl.java", "Java", 0, 0, 0, 0, 0, 0, 38, 0, 0, 4, 42
"/run/media/atomic_dev25/SHARED/shared/C/Users/Administrator/Desktop/Projects/JAVA/sentinel.pay/sentinel.pay/src/main/java/com/github/sentinel/pay/infrastructure/out/persistence/mapper/adapters/AuditLogMapperImpl.java", "Java", 0, 0, 0, 0, 0, 0, 33, 0, 0, 5, 38
"/run/media/atomic_dev25/SHARED/shared/C/Users/Administrator/Desktop/Projects/JAVA/sentinel.pay/sentinel.pay/src/main/java/com/github/sentinel/pay/infrastructure/out/persistence/mapper/adapters/AuditSnapshotMapperImpl.java", "Java", 0, 0, 0, 0, 0, 0, 33, 0, 0, 5, 38
"/run/media/atomic_dev25/SHARED/shared/C/Users/Administrator/Desktop/Projects/JAVA/sentinel.pay/sentinel.pay/src/main/java/com/github/sentinel/pay/infrastructure/out/persistence/mapper/adapters/FraudDecisionMapperImpl.java", "Java", 0, 0, 0, 0, 0, 0, 41, 0, 0, 5, 46
"/run/media/atomic_dev25/SHARED/shared/C/Users/Administrator/Desktop/Projects/JAVA/sentinel.pay/sentinel.pay/src/main/java/com/github/sentinel/pay/infrastructure/out/persistence/mapper/adapters/FraudIncidentMapperImpl.java", "Java", 0, 0, 0, 0, 0, 0, 42, 0, 0, 4, 46
"/run/media/atomic_dev25/SHARED/shared/C/Users/Administrator/Desktop/Projects/JAVA/sentinel.pay/sentinel.pay/src/main/java/com/github/sentinel/pay/infrastructure/out/persistence/mapper/adapters/RiskProfileMapperImpl.java", "Java", 0, 0, 0, 0, 0, 0, 29, 0, 0, 5, 34
"/run/media/atomic_dev25/SHARED/shared/C/Users/Administrator/Desktop/Projects/JAVA/sentinel.pay/sentinel.pay/src/main/java/com/github/sentinel/pay/infrastructure/out/persistence/mapper/adapters/TransactionMapperImpl.java", "Java", 0, 0, 0, 0, 0, 0, 42, 0, 0, 4, 46
"/run/media/atomic_dev25/SHARED/shared/C/Users/Administrator/Desktop/Projects/JAVA/sentinel.pay/sentinel.pay/src/main/java/com/github/sentinel/pay/infrastructure/out/persistence/mapper/adapters/UserMapperImpl.java", "Java", 0, 0, 0, 0, 0, 0, 36, 0, 0, 4, 40
"/run/media/atomic_dev25/SHARED/shared/C/Users/Administrator/Desktop/Projects/JAVA/sentinel.pay/sentinel.pay/src/main/java/com/github/sentinel/pay/infrastructure/startup/AdminBootstrap.java", "Java", 0, 0, 0, 0, 0, 0, 19, 0, 0, 6, 25
"/run/media/atomic_dev25/SHARED/shared/C/Users/Administrator/Desktop/Projects/JAVA/sentinel.pay/sentinel.pay/src/main/java/com/github/sentinel/pay/infrastructure/startup/DatabaseCleanserRunner.java", "Java", 0, 0, 0, 0, 0, 0, 25, 0, 1, 9, 35
"/run/media/atomic_dev25/SHARED/shared/C/Users/Administrator/Desktop/Projects/JAVA/sentinel.pay/sentinel.pay/src/main/resources/application.properties", "Java Properties", 0, 0, 0, 13, 0, 0, 0, 0, 0, 4, 17
"/run/media/atomic_dev25/SHARED/shared/C/Users/Administrator/Desktop/Projects/JAVA/sentinel.pay/sentinel.pay/src/main/resources/static/css/custom.css", "PostCSS", 0, 0, 0, 0, 0, 402, 0, 0, 16, 38, 456
"/run/media/atomic_dev25/SHARED/shared/C/Users/Administrator/Desktop/Projects/JAVA/sentinel.pay/sentinel.pay/src/main/resources/templates/account-profile.html", "HTML", 0, 0, 0, 0, 71, 0, 0, 0, 2, 5, 78
"/run/media/atomic_dev25/SHARED/shared/C/Users/Administrator/Desktop/Projects/JAVA/sentinel.pay/sentinel.pay/src/main/resources/templates/api-keys.html", "HTML", 0, 0, 0, 0, 139, 0, 0, 0, 6, 7, 152
"/run/media/atomic_dev25/SHARED/shared/C/Users/Administrator/Desktop/Projects/JAVA/sentinel.pay/sentinel.pay/src/main/resources/templates/console.html", "HTML", 0, 0, 0, 0, 130, 0, 0, 0, 0, 13, 143
"/run/media/atomic_dev25/SHARED/shared/C/Users/Administrator/Desktop/Projects/JAVA/sentinel.pay/sentinel.pay/src/main/resources/templates/dashboard.html", "HTML", 0, 0, 0, 0, 240, 0, 0, 0, 10, 12, 262
"/run/media/atomic_dev25/SHARED/shared/C/Users/Administrator/Desktop/Projects/JAVA/sentinel.pay/sentinel.pay/src/main/resources/templates/decision-detail.html", "HTML", 0, 0, 0, 0, 176, 0, 0, 0, 4, 6, 186
"/run/media/atomic_dev25/SHARED/shared/C/Users/Administrator/Desktop/Projects/JAVA/sentinel.pay/sentinel.pay/src/main/resources/templates/decisions.html", "HTML", 0, 0, 0, 0, 123, 0, 0, 0, 0, 5, 128
"/run/media/atomic_dev25/SHARED/shared/C/Users/Administrator/Desktop/Projects/JAVA/sentinel.pay/sentinel.pay/src/main/resources/templates/fragments/alert.html", "HTML", 0, 0, 0, 0, 14, 0, 0, 0, 1, 1, 16
"/run/media/atomic_dev25/SHARED/shared/C/Users/Administrator/Desktop/Projects/JAVA/sentinel.pay/sentinel.pay/src/main/resources/templates/fragments/api-key-item.html", "HTML", 0, 0, 0, 0, 29, 0, 0, 0, 9, 2, 40
"/run/media/atomic_dev25/SHARED/shared/C/Users/Administrator/Desktop/Projects/JAVA/sentinel.pay/sentinel.pay/src/main/resources/templates/fragments/transaction-response.html", "HTML", 0, 0, 0, 0, 131, 0, 0, 0, 0, 11, 142
"/run/media/atomic_dev25/SHARED/shared/C/Users/Administrator/Desktop/Projects/JAVA/sentinel.pay/sentinel.pay/src/main/resources/templates/incident-detail.html", "HTML", 0, 0, 0, 0, 123, 0, 0, 0, 0, 5, 128
"/run/media/atomic_dev25/SHARED/shared/C/Users/Administrator/Desktop/Projects/JAVA/sentinel.pay/sentinel.pay/src/main/resources/templates/incidents.html", "HTML", 0, 0, 0, 0, 125, 0, 0, 0, 0, 8, 133
"/run/media/atomic_dev25/SHARED/shared/C/Users/Administrator/Desktop/Projects/JAVA/sentinel.pay/sentinel.pay/src/main/resources/templates/layout-public.html", "HTML", 0, 0, 0, 0, 13, 0, 0, 0, 0, 4, 17
"/run/media/atomic_dev25/SHARED/shared/C/Users/Administrator/Desktop/Projects/JAVA/sentinel.pay/sentinel.pay/src/main/resources/templates/layout.html", "HTML", 0, 0, 0, 0, 100, 0, 0, 0, 5, 14, 119
"/run/media/atomic_dev25/SHARED/shared/C/Users/Administrator/Desktop/Projects/JAVA/sentinel.pay/sentinel.pay/src/main/resources/templates/login.html", "HTML", 0, 0, 0, 0, 219, 0, 0, 0, 0, 40, 259
"/run/media/atomic_dev25/SHARED/shared/C/Users/Administrator/Desktop/Projects/JAVA/sentinel.pay/sentinel.pay/src/main/resources/templates/register.html", "HTML", 0, 0, 0, 0, 188, 0, 0, 0, 0, 30, 218
"/run/media/atomic_dev25/SHARED/shared/C/Users/Administrator/Desktop/Projects/JAVA/sentinel.pay/sentinel.pay/src/main/resources/templates/settings.html", "HTML", 0, 0, 0, 0, 76, 0, 0, 0, 5, 4, 85
"/run/media/atomic_dev25/SHARED/shared/C/Users/Administrator/Desktop/Projects/JAVA/sentinel.pay/sentinel.pay/src/main/resources/templates/sidebar.html", "HTML", 0, 0, 0, 0, 217, 0, 0, 0, 0, 32, 249
"/run/media/atomic_dev25/SHARED/shared/C/Users/Administrator/Desktop/Projects/JAVA/sentinel.pay/sentinel.pay/src/test/java/com/github/sentinel/pay/ApplicationTests.java", "Java", 0, 0, 0, 0, 0, 0, 9, 0, 0, 5, 14
"/run/media/atomic_dev25/SHARED/shared/C/Users/Administrator/Desktop/Projects/JAVA/sentinel.pay/sentinel.pay/src/test/java/com/github/sentinel/pay/domain/entity/fraudRules/TransactionAmountFraudRuleTest.java", "Java", 0, 0, 0, 0, 0, 0, 56, 0, 6, 13, 75
"/run/media/atomic_dev25/SHARED/shared/C/Users/Administrator/Desktop/Projects/JAVA/sentinel.pay/sentinel.pay/src/test/java/com/github/sentinel/pay/domain/fraudrRules/HighRiskAndRemoteTransactionFraudRuleTest.java", "Java", 0, 0, 0, 0, 0, 0, 63, 0, 0, 5, 68
"/run/media/atomic_dev25/SHARED/shared/C/Users/Administrator/Desktop/Projects/JAVA/sentinel.pay/sentinel.pay/src/test/java/com/github/sentinel/pay/domain/fraudrRules/TransactionAmountFraudRuleTest.java", "Java", 0, 0, 0, 0, 0, 0, 65, 0, 0, 5, 70
"/run/media/atomic_dev25/SHARED/shared/C/Users/Administrator/Desktop/Projects/JAVA/sentinel.pay/sentinel.pay/src/test/java/com/github/sentinel/pay/domain/fraudrRules/UnusualLocationFraudRuleTest.java", "Java", 0, 0, 0, 0, 0, 0, 51, 0, 0, 5, 56
"/run/media/atomic_dev25/SHARED/shared/C/Users/Administrator/Desktop/Projects/JAVA/sentinel.pay/sentinel.pay/src/test/java/com/github/sentinel/pay/domain/fraudrRules/VelocityFraudRuleTest.java", "Java", 0, 0, 0, 0, 0, 0, 63, 0, 0, 8, 71
"/run/media/atomic_dev25/SHARED/shared/C/Users/Administrator/Desktop/Projects/JAVA/sentinel.pay/sentinel.pay/src/test/java/com/github/sentinel/pay/domain/riskProfile/TransactionActivityTest.java", "Java", 0, 0, 0, 0, 0, 0, 10, 0, 32, 4, 46
"/run/media/atomic_dev25/SHARED/shared/C/Users/Administrator/Desktop/Projects/JAVA/sentinel.pay/sentinel.pay/src/test/java/com/github/sentinel/pay/domain/riskScore/FraudDecisionPolicyTest.java", "Java", 0, 0, 0, 0, 0, 0, 3, 0, 0, 2, 5
"/run/media/atomic_dev25/SHARED/shared/C/Users/Administrator/Desktop/Projects/JAVA/sentinel.pay/sentinel.pay/src/test/java/com/github/sentinel/pay/domain/riskScore/RiskScoreTest.java", "Java", 0, 0, 0, 0, 0, 0, 3, 0, 0, 2, 5
"/run/media/atomic_dev25/SHARED/shared/C/Users/Administrator/Desktop/Projects/JAVA/sentinel.pay/sentinel.pay/src/test/java/com/github/sentinel/pay/domain/transaction/LocationTest.java", "Java", 0, 0, 0, 0, 0, 0, 12, 0, 0, 5, 17
"/run/media/atomic_dev25/SHARED/shared/C/Users/Administrator/Desktop/Projects/JAVA/sentinel.pay/sentinel.pay/src/test/java/com/github/sentinel/pay/domain/transaction/MoneyTest.java", "Java", 0, 0, 0, 0, 0, 0, 10, 0, 13, 5, 28
"/run/media/atomic_dev25/SHARED/shared/C/Users/Administrator/Desktop/Projects/JAVA/sentinel.pay/sentinel.pay/transaction-api.md", "Markdown", 81, 0, 0, 0, 0, 0, 0, 0, 0, 67, 148
"c:/Users/Administrator/Desktop/Projects/JAVA/sentinel.pay/sentinel.pay/Frontend.md", "Markdown", -134, 0, 0, 0, 0, 0, 0, 0, 0, -126, -260
"c:/Users/Administrator/Desktop/Projects/JAVA/sentinel.pay/sentinel.pay/README.md", "Markdown", -44, 0, 0, 0, 0, 0, 0, 0, 0, -28, -72
"c:/Users/Administrator/Desktop/Projects/JAVA/sentinel.pay/sentinel.pay/build.gradle", "Gradle", 0, -39, 0, 0, 0, 0, 0, 0, -1, -7, -47
"c:/Users/Administrator/Desktop/Projects/JAVA/sentinel.pay/sentinel.pay/frontend-improvements.md", "Markdown", -71, 0, 0, 0, 0, 0, 0, 0, 0, -68, -139
"c:/Users/Administrator/Desktop/Projects/JAVA/sentinel.pay/sentinel.pay/gradle/wrapper/gradle-wrapper.properties", "Java Properties", 0, 0, 0, -7, 0, 0, 0, 0, 0, -1, -8
"c:/Users/Administrator/Desktop/Projects/JAVA/sentinel.pay/sentinel.pay/gradlew.bat", "Batch", 0, 0, -41, 0, 0, 0, 0, 0, -32, -22, -95
"c:/Users/Administrator/Desktop/Projects/JAVA/sentinel.pay/sentinel.pay/settings.gradle", "Gradle", 0, -1, 0, 0, 0, 0, 0, 0, 0, -1, -2
"c:/Users/Administrator/Desktop/Projects/JAVA/sentinel.pay/sentinel.pay/src/main/java/com/github/sentinel/pay/Application.java", "Java", 0, 0, 0, 0, 0, 0, -9, 0, 0, -5, -14
"c:/Users/Administrator/Desktop/Projects/JAVA/sentinel.pay/sentinel.pay/src/main/java/com/github/sentinel/pay/application/dto/dashboard/DashBoardDto.java", "Java", 0, 0, 0, 0, 0, 0, -15, 0, 0, -4, -19
"c:/Users/Administrator/Desktop/Projects/JAVA/sentinel.pay/sentinel.pay/src/main/java/com/github/sentinel/pay/application/dto/decision/FraudDecisionDto.java", "Java", 0, 0, 0, 0, 0, 0, -3, 0, 0, -2, -5
"c:/Users/Administrator/Desktop/Projects/JAVA/sentinel.pay/sentinel.pay/src/main/java/com/github/sentinel/pay/application/dto/incidents/IncidentResponseDto.java", "Java", 0, 0, 0, 0, 0, 0, -19, 0, 0, -3, -22
"c:/Users/Administrator/Desktop/Projects/JAVA/sentinel.pay/sentinel.pay/src/main/java/com/github/sentinel/pay/application/dto/incidents/incidentRequestDto.java", "Java", 0, 0, 0, 0, 0, 0, -3, 0, 0, -2, -5
"c:/Users/Administrator/Desktop/Projects/JAVA/sentinel.pay/sentinel.pay/src/main/java/com/github/sentinel/pay/application/dto/riskProfile/RiskProfileDto.java", "Java", 0, 0, 0, 0, 0, 0, -3, 0, 0, -2, -5
"c:/Users/Administrator/Desktop/Projects/JAVA/sentinel.pay/sentinel.pay/src/main/java/com/github/sentinel/pay/application/dto/transaction/TransactionRequestDto.java", "Java", 0, 0, 0, 0, 0, 0, -19, 0, 0, -6, -25
"c:/Users/Administrator/Desktop/Projects/JAVA/sentinel.pay/sentinel.pay/src/main/java/com/github/sentinel/pay/application/exceptions/TransactionAmountBelowZeroException.java", "Java", 0, 0, 0, 0, 0, 0, -6, 0, 0, -3, -9
"c:/Users/Administrator/Desktop/Projects/JAVA/sentinel.pay/sentinel.pay/src/main/java/com/github/sentinel/pay/application/implementation/EvaluateTransactionForFraudInteractor.java", "Java", 0, 0, 0, 0, 0, 0, -65, 0, -13, -11, -89
"c:/Users/Administrator/Desktop/Projects/JAVA/sentinel.pay/sentinel.pay/src/main/java/com/github/sentinel/pay/application/implementation/ListFraudIncidentsByAccountInteractor.java", "Java", 0, 0, 0, 0, 0, 0, -13, 0, 0, -3, -16
"c:/Users/Administrator/Desktop/Projects/JAVA/sentinel.pay/sentinel.pay/src/main/java/com/github/sentinel/pay/application/implementation/OpenFraudIncidentInteractor.java", "Java", 0, 0, 0, 0, 0, 0, -30, 0, 0, -8, -38
"c:/Users/Administrator/Desktop/Projects/JAVA/sentinel.pay/sentinel.pay/src/main/java/com/github/sentinel/pay/application/implementation/ResolveFraudIncidentInteractor.java", "Java", 0, 0, 0, 0, 0, 0, -40, 0, -2, -10, -52
"c:/Users/Administrator/Desktop/Projects/JAVA/sentinel.pay/sentinel.pay/src/main/java/com/github/sentinel/pay/application/implementation/UpdateAccountRiskProfileInteractor.java", "Java", 0, 0, 0, 0, 0, 0, -24, 0, -3, -6, -33
"c:/Users/Administrator/Desktop/Projects/JAVA/sentinel.pay/sentinel.pay/src/main/java/com/github/sentinel/pay/application/services/EvaluateTransactionForFraudUseCase.java", "Java", 0, 0, 0, 0, 0, 0, -8, 0, 0, -4, -12
"c:/Users/Administrator/Desktop/Projects/JAVA/sentinel.pay/sentinel.pay/src/main/java/com/github/sentinel/pay/application/services/GetDashBoardDataUseCase.java", "Java", 0, 0, 0, 0, 0, 0, -3, 0, 0, -2, -5
"c:/Users/Administrator/Desktop/Projects/JAVA/sentinel.pay/sentinel.pay/src/main/java/com/github/sentinel/pay/application/services/GetFraudIncidentByIdUseCase.java", "Java", 0, 0, 0, 0, 0, 0, -3, 0, 0, -2, -5
"c:/Users/Administrator/Desktop/Projects/JAVA/sentinel.pay/sentinel.pay/src/main/java/com/github/sentinel/pay/application/services/GetIncidentDetailsByIncidentIdUseCase.java", "Java", 0, 0, 0, 0, 0, 0, -3, 0, 0, -2, -5
"c:/Users/Administrator/Desktop/Projects/JAVA/sentinel.pay/sentinel.pay/src/main/java/com/github/sentinel/pay/application/services/GetRiskProfileByAccountIdUseCase.java", "Java", 0, 0, 0, 0, 0, 0, -3, 0, 0, -2, -5
"c:/Users/Administrator/Desktop/Projects/JAVA/sentinel.pay/sentinel.pay/src/main/java/com/github/sentinel/pay/application/services/ListAllFraudIncidentsUseCase.java", "Java", 0, 0, 0, 0, 0, 0, -3, 0, 0, -2, -5
"c:/Users/Administrator/Desktop/Projects/JAVA/sentinel.pay/sentinel.pay/src/main/java/com/github/sentinel/pay/application/services/ListFraudIncidentsByAccountUseCase.java", "Java", 0, 0, 0, 0, 0, 0, -7, 0, 0, -4, -11
"c:/Users/Administrator/Desktop/Projects/JAVA/sentinel.pay/sentinel.pay/src/main/java/com/github/sentinel/pay/application/services/ListFraudIncidentsByIncidentIdUseCase.java", "Java", 0, 0, 0, 0, 0, 0, -3, 0, 0, -2, -5
"c:/Users/Administrator/Desktop/Projects/JAVA/sentinel.pay/sentinel.pay/src/main/java/com/github/sentinel/pay/application/services/OpenFraudIncidentUseCase.java", "Java", 0, 0, 0, 0, 0, 0, -6, 0, 0, -3, -9
"c:/Users/Administrator/Desktop/Projects/JAVA/sentinel.pay/sentinel.pay/src/main/java/com/github/sentinel/pay/application/services/ResolveFraudIncidentUseCase.java", "Java", 0, 0, 0, 0, 0, 0, -9, 0, 0, -4, -13
"c:/Users/Administrator/Desktop/Projects/JAVA/sentinel.pay/sentinel.pay/src/main/java/com/github/sentinel/pay/application/services/UpdateAccountRiskProfileUseCase.java", "Java", 0, 0, 0, 0, 0, 0, -7, 0, 0, -4, -11
"c:/Users/Administrator/Desktop/Projects/JAVA/sentinel.pay/sentinel.pay/src/main/java/com/github/sentinel/pay/domain/README.md", "Markdown", -17, 0, 0, 0, 0, 0, 0, 0, 0, -10, -27
"c:/Users/Administrator/Desktop/Projects/JAVA/sentinel.pay/sentinel.pay/src/main/java/com/github/sentinel/pay/domain/entity/AccountRiskProfileAggregate/AccountRiskProfile.java", "Java", 0, 0, 0, 0, 0, 0, -55, 0, -1, -13, -69
"c:/Users/Administrator/Desktop/Projects/JAVA/sentinel.pay/sentinel.pay/src/main/java/com/github/sentinel/pay/domain/entity/AccountRiskProfileAggregate/CurrencyProfile.java", "Java", 0, 0, 0, 0, 0, 0, -50, 0, 0, -9, -59
"c:/Users/Administrator/Desktop/Projects/JAVA/sentinel.pay/sentinel.pay/src/main/java/com/github/sentinel/pay/domain/entity/AccountRiskProfileAggregate/IncidentStatistics.java", "Java", 0, 0, 0, 0, 0, 0, -9, 0, 0, -4, -13
"c:/Users/Administrator/Desktop/Projects/JAVA/sentinel.pay/sentinel.pay/src/main/java/com/github/sentinel/pay/domain/entity/AccountRiskProfileAggregate/LocationProfile.java", "Java", 0, 0, 0, 0, 0, 0, -42, 0, 0, -12, -54
"c:/Users/Administrator/Desktop/Projects/JAVA/sentinel.pay/sentinel.pay/src/main/java/com/github/sentinel/pay/domain/entity/AccountRiskProfileAggregate/MonetaryProfile.java", "Java", 0, 0, 0, 0, 0, 0, -53, 0, -1, -9, -63
"c:/Users/Administrator/Desktop/Projects/JAVA/sentinel.pay/sentinel.pay/src/main/java/com/github/sentinel/pay/domain/entity/AccountRiskProfileAggregate/RiskLevelPolicy.java", "Java", 0, 0, 0, 0, 0, 0, -28, 0, 0, -14, -42
"c:/Users/Administrator/Desktop/Projects/JAVA/sentinel.pay/sentinel.pay/src/main/java/com/github/sentinel/pay/domain/entity/AccountRiskProfileAggregate/RiskProfileId.java", "Java", 0, 0, 0, 0, 0, 0, -6, 0, 0, -3, -9
"c:/Users/Administrator/Desktop/Projects/JAVA/sentinel.pay/sentinel.pay/src/main/java/com/github/sentinel/pay/domain/entity/AccountRiskProfileAggregate/VelocityProfile.java", "Java", 0, 0, 0, 0, 0, 0, -43, 0, 0, -10, -53
"c:/Users/Administrator/Desktop/Projects/JAVA/sentinel.pay/sentinel.pay/src/main/java/com/github/sentinel/pay/domain/entity/AccountRiskProfileAggregate/deprecated/AverageAmount.java", "Java", 0, 0, 0, 0, 0, 0, -19, 0, 0, -5, -24
"c:/Users/Administrator/Desktop/Projects/JAVA/sentinel.pay/sentinel.pay/src/main/java/com/github/sentinel/pay/domain/entity/AccountRiskProfileAggregate/deprecated/AverageCurrencyTransaction.java", "Java", 0, 0, 0, 0, 0, 0, -19, 0, 0, -7, -26
"c:/Users/Administrator/Desktop/Projects/JAVA/sentinel.pay/sentinel.pay/src/main/java/com/github/sentinel/pay/domain/entity/AccountRiskProfileAggregate/deprecated/AverageRiskScore.java", "Java", 0, 0, 0, 0, 0, 0, -15, 0, 0, -3, -18
"c:/Users/Administrator/Desktop/Projects/JAVA/sentinel.pay/sentinel.pay/src/main/java/com/github/sentinel/pay/domain/entity/AccountRiskProfileAggregate/deprecated/DailyTransactionCount.java", "Java", 0, 0, 0, 0, 0, 0, -16, 0, 0, -4, -20
"c:/Users/Administrator/Desktop/Projects/JAVA/sentinel.pay/sentinel.pay/src/main/java/com/github/sentinel/pay/domain/entity/AccountRiskProfileAggregate/deprecated/TransactionActivity.java", "Java", 0, 0, 0, 0, 0, 0, -34, 0, 0, -9, -43
"c:/Users/Administrator/Desktop/Projects/JAVA/sentinel.pay/sentinel.pay/src/main/java/com/github/sentinel/pay/domain/entity/AccountRiskProfileAggregate/deprecated/UsualTransactionLocation.java", "Java", 0, 0, 0, 0, 0, 0, -22, 0, 0, -4, -26
"c:/Users/Administrator/Desktop/Projects/JAVA/sentinel.pay/sentinel.pay/src/main/java/com/github/sentinel/pay/domain/entity/FraudIncidentAggregate/FraudIncident.java", "Java", 0, 0, 0, 0, 0, 0, -36, 0, 0, -7, -43
"c:/Users/Administrator/Desktop/Projects/JAVA/sentinel.pay/sentinel.pay/src/main/java/com/github/sentinel/pay/domain/entity/FraudIncidentAggregate/FraudIncidentId.java", "Java", 0, 0, 0, 0, 0, 0, -6, 0, 0, -3, -9
"c:/Users/Administrator/Desktop/Projects/JAVA/sentinel.pay/sentinel.pay/src/main/java/com/github/sentinel/pay/domain/entity/FraudIncidentAggregate/FraudIncidentStatus.java", "Java", 0, 0, 0, 0, 0, 0, -8, 0, 0, -2, -10
"c:/Users/Administrator/Desktop/Projects/JAVA/sentinel.pay/sentinel.pay/src/main/java/com/github/sentinel/pay/domain/entity/FraudIncidentAggregate/FraudIncidentStatusPolicy.java", "Java", 0, 0, 0, 0, 0, 0, -12, 0, 0, -3, -15
"c:/Users/Administrator/Desktop/Projects/JAVA/sentinel.pay/sentinel.pay/src/main/java/com/github/sentinel/pay/domain/entity/fraudDecision/FraudDecision.java", "Java", 0, 0, 0, 0, 0, 0, -25, 0, 0, -6, -31
"c:/Users/Administrator/Desktop/Projects/JAVA/sentinel.pay/sentinel.pay/src/main/java/com/github/sentinel/pay/domain/entity/fraudDecision/FraudDecisionId.java", "Java", 0, 0, 0, 0, 0, 0, -6, 0, 0, -3, -9
"c:/Users/Administrator/Desktop/Projects/JAVA/sentinel.pay/sentinel.pay/src/main/java/com/github/sentinel/pay/domain/entity/fraudDecision/FraudDecisionPolicy.java", "Java", 0, 0, 0, 0, 0, 0, -13, 0, 0, -4, -17
"c:/Users/Administrator/Desktop/Projects/JAVA/sentinel.pay/sentinel.pay/src/main/java/com/github/sentinel/pay/domain/entity/fraudDecision/FraudDecisionType.java", "Java", 0, 0, 0, 0, 0, 0, -6, 0, 0, -2, -8
"c:/Users/Administrator/Desktop/Projects/JAVA/sentinel.pay/sentinel.pay/src/main/java/com/github/sentinel/pay/domain/entity/fraudRules/AccessOutsideOfOpeningHoursFraudRule.java", "Java", 0, 0, 0, 0, 0, 0, -10, 0, -4, -7, -21
"c:/Users/Administrator/Desktop/Projects/JAVA/sentinel.pay/sentinel.pay/src/main/java/com/github/sentinel/pay/domain/entity/fraudRules/FraudRule.java", "Java", 0, 0, 0, 0, 0, 0, -7, 0, 0, -3, -10
"c:/Users/Administrator/Desktop/Projects/JAVA/sentinel.pay/sentinel.pay/src/main/java/com/github/sentinel/pay/domain/entity/fraudRules/HighRiskAndRemoteTransactionFraudRule.java", "Java", 0, 0, 0, 0, 0, 0, -13, 0, 0, -3, -16
"c:/Users/Administrator/Desktop/Projects/JAVA/sentinel.pay/sentinel.pay/src/main/java/com/github/sentinel/pay/domain/entity/fraudRules/TransactionAmountFraudRule.java", "Java", 0, 0, 0, 0, 0, 0, -14, 0, -9, -6, -29
"c:/Users/Administrator/Desktop/Projects/JAVA/sentinel.pay/sentinel.pay/src/main/java/com/github/sentinel/pay/domain/entity/fraudRules/TransactionVelocityFraudRule.java", "Java", 0, 0, 0, 0, 0, 0, -17, 0, -5, -6, -28
"c:/Users/Administrator/Desktop/Projects/JAVA/sentinel.pay/sentinel.pay/src/main/java/com/github/sentinel/pay/domain/entity/fraudRules/UnusualCurrencyFraudRule.java", "Java", 0, 0, 0, 0, 0, 0, -13, 0, 0, -3, -16
"c:/Users/Administrator/Desktop/Projects/JAVA/sentinel.pay/sentinel.pay/src/main/java/com/github/sentinel/pay/domain/entity/fraudRules/UnusualLocationFraudRule.java", "Java", 0, 0, 0, 0, 0, 0, -14, 0, 0, -3, -17
"c:/Users/Administrator/Desktop/Projects/JAVA/sentinel.pay/sentinel.pay/src/main/java/com/github/sentinel/pay/domain/entity/risk/RiskContribution.java", "Java", 0, 0, 0, 0, 0, 0, -13, 0, -3, -5, -21
"c:/Users/Administrator/Desktop/Projects/JAVA/sentinel.pay/sentinel.pay/src/main/java/com/github/sentinel/pay/domain/entity/risk/RiskLevel.java", "Java", 0, 0, 0, 0, 0, 0, -7, 0, -5, -3, -15
"c:/Users/Administrator/Desktop/Projects/JAVA/sentinel.pay/sentinel.pay/src/main/java/com/github/sentinel/pay/domain/entity/risk/RiskScore.java", "Java", 0, 0, 0, 0, 0, 0, -25, 0, -11, -8, -44
"c:/Users/Administrator/Desktop/Projects/JAVA/sentinel.pay/sentinel.pay/src/main/java/com/github/sentinel/pay/domain/entity/risk/RiskSignal.java", "Java", 0, 0, 0, 0, 0, 0, -6, 0, 0, -2, -8
"c:/Users/Administrator/Desktop/Projects/JAVA/sentinel.pay/sentinel.pay/src/main/java/com/github/sentinel/pay/domain/entity/risk/RiskType.java", "Java", 0, 0, 0, 0, 0, 0, -7, 0, 0, -2, -9
"c:/Users/Administrator/Desktop/Projects/JAVA/sentinel.pay/sentinel.pay/src/main/java/com/github/sentinel/pay/domain/entity/risk/RiskWeightPolicy.java", "Java", 0, 0, 0, 0, 0, 0, -13, 0, 0, -5, -18
"c:/Users/Administrator/Desktop/Projects/JAVA/sentinel.pay/sentinel.pay/src/main/java/com/github/sentinel/pay/domain/entity/shared/AccountId.java", "Java", 0, 0, 0, 0, 0, 0, -6, 0, 0, -3, -9
"c:/Users/Administrator/Desktop/Projects/JAVA/sentinel.pay/sentinel.pay/src/main/java/com/github/sentinel/pay/domain/entity/shared/Currency.java", "Java", 0, 0, 0, 0, 0, 0, -8, 0, 0, -4, -12
"c:/Users/Administrator/Desktop/Projects/JAVA/sentinel.pay/sentinel.pay/src/main/java/com/github/sentinel/pay/domain/entity/shared/Location.java", "Java", 0, 0, 0, 0, 0, 0, -9, 0, 0, -2, -11
"c:/Users/Administrator/Desktop/Projects/JAVA/sentinel.pay/sentinel.pay/src/main/java/com/github/sentinel/pay/domain/entity/transactionAggregate/Channel.java", "Java", 0, 0, 0, 0, 0, 0, -3, 0, 0, -2, -5
"c:/Users/Administrator/Desktop/Projects/JAVA/sentinel.pay/sentinel.pay/src/main/java/com/github/sentinel/pay/domain/entity/transactionAggregate/Money.java", "Java", 0, 0, 0, 0, 0, 0, -18, 0, 0, -7, -25
"c:/Users/Administrator/Desktop/Projects/JAVA/sentinel.pay/sentinel.pay/src/main/java/com/github/sentinel/pay/domain/entity/transactionAggregate/Transaction.java", "Java", 0, 0, 0, 0, 0, 0, -25, 0, 0, -9, -34
"c:/Users/Administrator/Desktop/Projects/JAVA/sentinel.pay/sentinel.pay/src/main/java/com/github/sentinel/pay/domain/entity/transactionAggregate/TransactionId.java", "Java", 0, 0, 0, 0, 0, 0, -6, 0, 0, -3, -9
"c:/Users/Administrator/Desktop/Projects/JAVA/sentinel.pay/sentinel.pay/src/main/java/com/github/sentinel/pay/domain/entity/transactionAggregate/TransactionType.java", "Java", 0, 0, 0, 0, 0, 0, -31, 0, -8, -11, -50
"c:/Users/Administrator/Desktop/Projects/JAVA/sentinel.pay/sentinel.pay/src/main/java/com/github/sentinel/pay/domain/repository/FraudDecisionRepository.java", "Java", 0, 0, 0, 0, 0, 0, -10, 0, 0, -5, -15
"c:/Users/Administrator/Desktop/Projects/JAVA/sentinel.pay/sentinel.pay/src/main/java/com/github/sentinel/pay/domain/repository/FraudIncidentRepository.java", "Java", 0, 0, 0, 0, 0, 0, -12, 0, 0, -8, -20
"c:/Users/Administrator/Desktop/Projects/JAVA/sentinel.pay/sentinel.pay/src/main/java/com/github/sentinel/pay/domain/repository/RiskProfileRepository.java", "Java", 0, 0, 0, 0, 0, 0, -14, 0, 0, -7, -21
"c:/Users/Administrator/Desktop/Projects/JAVA/sentinel.pay/sentinel.pay/src/main/java/com/github/sentinel/pay/domain/repository/TransactionRepository.java", "Java", 0, 0, 0, 0, 0, 0, -10, 0, 0, -5, -15
"c:/Users/Administrator/Desktop/Projects/JAVA/sentinel.pay/sentinel.pay/src/main/java/com/github/sentinel/pay/infrastructure/in/web/controller/AccountController.java", "Java", 0, 0, 0, 0, 0, 0, -24, 0, -2, -3, -29
"c:/Users/Administrator/Desktop/Projects/JAVA/sentinel.pay/sentinel.pay/src/main/java/com/github/sentinel/pay/infrastructure/in/web/controller/DashboardController.java", "Java", 0, 0, 0, 0, 0, 0, -15, 0, -1, -3, -19
"c:/Users/Administrator/Desktop/Projects/JAVA/sentinel.pay/sentinel.pay/src/main/java/com/github/sentinel/pay/infrastructure/in/web/controller/IncidentController.java", "Java", 0, 0, 0, 0, 0, 0, -24, 0, -5, -4, -33
"c:/Users/Administrator/Desktop/Projects/JAVA/sentinel.pay/sentinel.pay/src/main/java/com/github/sentinel/pay/infrastructure/in/web/controller/TransactionController.java", "Java", 0, 0, 0, 0, 0, 0, -58, 0, -8, -11, -77
"c:/Users/Administrator/Desktop/Projects/JAVA/sentinel.pay/sentinel.pay/src/main/java/com/github/sentinel/pay/infrastructure/out/persistence/EntityModels/AccountRiskProfileEntity.java", "Java", 0, 0, 0, 0, 0, 0, -27, 0, -2, -5, -34
"c:/Users/Administrator/Desktop/Projects/JAVA/sentinel.pay/sentinel.pay/src/main/java/com/github/sentinel/pay/infrastructure/out/persistence/EntityModels/CurrencyProfileEntity.java", "Java", 0, 0, 0, 0, 0, 0, -19, 0, 0, -6, -25
"c:/Users/Administrator/Desktop/Projects/JAVA/sentinel.pay/sentinel.pay/src/main/java/com/github/sentinel/pay/infrastructure/out/persistence/EntityModels/FraudDecisionEntity.java", "Java", 0, 0, 0, 0, 0, 0, -27, 0, 0, -3, -30
"c:/Users/Administrator/Desktop/Projects/JAVA/sentinel.pay/sentinel.pay/src/main/java/com/github/sentinel/pay/infrastructure/out/persistence/EntityModels/FraudIncidentEntity.java", "Java", 0, 0, 0, 0, 0, 0, -28, 0, 0, -4, -32
"c:/Users/Administrator/Desktop/Projects/JAVA/sentinel.pay/sentinel.pay/src/main/java/com/github/sentinel/pay/infrastructure/out/persistence/EntityModels/LocationProfileEntity.java", "Java", 0, 0, 0, 0, 0, 0, -19, 0, 0, -5, -24
"c:/Users/Administrator/Desktop/Projects/JAVA/sentinel.pay/sentinel.pay/src/main/java/com/github/sentinel/pay/infrastructure/out/persistence/EntityModels/MonetaryProfileEntity.java", "Java", 0, 0, 0, 0, 0, 0, -18, 0, 0, -5, -23
"c:/Users/Administrator/Desktop/Projects/JAVA/sentinel.pay/sentinel.pay/src/main/java/com/github/sentinel/pay/infrastructure/out/persistence/EntityModels/TransactionEntity.java", "Java", 0, 0, 0, 0, 0, 0, -32, 0, 0, -4, -36
"c:/Users/Administrator/Desktop/Projects/JAVA/sentinel.pay/sentinel.pay/src/main/java/com/github/sentinel/pay/infrastructure/out/persistence/EntityModels/VelocityProfileEntity.java", "Java", 0, 0, 0, 0, 0, 0, -20, 0, 0, -4, -24
"c:/Users/Administrator/Desktop/Projects/JAVA/sentinel.pay/sentinel.pay/src/main/java/com/github/sentinel/pay/infrastructure/out/persistence/adapter/FraudDecisionAdapter.java", "Java", 0, 0, 0, 0, 0, 0, -35, 0, 0, -6, -41
"c:/Users/Administrator/Desktop/Projects/JAVA/sentinel.pay/sentinel.pay/src/main/java/com/github/sentinel/pay/infrastructure/out/persistence/adapter/FraudIncidentAdapter.java", "Java", 0, 0, 0, 0, 0, 0, -46, 0, 0, -10, -56
"c:/Users/Administrator/Desktop/Projects/JAVA/sentinel.pay/sentinel.pay/src/main/java/com/github/sentinel/pay/infrastructure/out/persistence/adapter/RiskProfileAdapter.java", "Java", 0, 0, 0, 0, 0, 0, -110, 0, -1, -13, -124
"c:/Users/Administrator/Desktop/Projects/JAVA/sentinel.pay/sentinel.pay/src/main/java/com/github/sentinel/pay/infrastructure/out/persistence/adapter/TransactionAdapter.java", "Java", 0, 0, 0, 0, 0, 0, -40, 0, 0, -7, -47
"c:/Users/Administrator/Desktop/Projects/JAVA/sentinel.pay/sentinel.pay/src/main/java/com/github/sentinel/pay/infrastructure/out/persistence/base/BasePersistenceAdapter.java", "Java", 0, 0, 0, 0, 0, 0, -53, 0, -3, -14, -70
"c:/Users/Administrator/Desktop/Projects/JAVA/sentinel.pay/sentinel.pay/src/main/java/com/github/sentinel/pay/infrastructure/out/persistence/base/GenericPersistenceRepository.java", "Java", 0, 0, 0, 0, 0, 0, -14, 0, -6, -3, -23
"c:/Users/Administrator/Desktop/Projects/JAVA/sentinel.pay/sentinel.pay/src/main/java/com/github/sentinel/pay/infrastructure/out/persistence/jpa/AccountRiskProfileEntityRepository.java", "Java", 0, 0, 0, 0, 0, 0, -14, 0, 0, -6, -20
"c:/Users/Administrator/Desktop/Projects/JAVA/sentinel.pay/sentinel.pay/src/main/java/com/github/sentinel/pay/infrastructure/out/persistence/jpa/CurrencyEntityRepository.java", "Java", 0, 0, 0, 0, 0, 0, -5, 0, 0, -4, -9
"c:/Users/Administrator/Desktop/Projects/JAVA/sentinel.pay/sentinel.pay/src/main/java/com/github/sentinel/pay/infrastructure/out/persistence/jpa/FraudDecisionEntityRepository.java", "Java", 0, 0, 0, 0, 0, 0, -14, 0, 0, -5, -19
"c:/Users/Administrator/Desktop/Projects/JAVA/sentinel.pay/sentinel.pay/src/main/java/com/github/sentinel/pay/infrastructure/out/persistence/jpa/FraudIncidentEntityRepository.java", "Java", 0, 0, 0, 0, 0, 0, -19, 0, 0, -6, -25
"c:/Users/Administrator/Desktop/Projects/JAVA/sentinel.pay/sentinel.pay/src/main/java/com/github/sentinel/pay/infrastructure/out/persistence/jpa/LocationEntityRepository.java", "Java", 0, 0, 0, 0, 0, 0, -5, 0, 0, -4, -9
"c:/Users/Administrator/Desktop/Projects/JAVA/sentinel.pay/sentinel.pay/src/main/java/com/github/sentinel/pay/infrastructure/out/persistence/jpa/MonetaryEntityRepository.java", "Java", 0, 0, 0, 0, 0, 0, -5, 0, 0, -4, -9
"c:/Users/Administrator/Desktop/Projects/JAVA/sentinel.pay/sentinel.pay/src/main/java/com/github/sentinel/pay/infrastructure/out/persistence/jpa/TransactionEntityRepository.java", "Java", 0, 0, 0, 0, 0, 0, -17, 0, 0, -6, -23
"c:/Users/Administrator/Desktop/Projects/JAVA/sentinel.pay/sentinel.pay/src/main/java/com/github/sentinel/pay/infrastructure/out/persistence/jpa/VelocityEntityRepository.java", "Java", 0, 0, 0, 0, 0, 0, -6, 0, 0, -5, -11
"c:/Users/Administrator/Desktop/Projects/JAVA/sentinel.pay/sentinel.pay/src/main/java/com/github/sentinel/pay/infrastructure/out/persistence/jpa/generic/EntityRepository.java", "Java", 0, 0, 0, 0, 0, 0, -6, 0, 0, -3, -9
"c:/Users/Administrator/Desktop/Projects/JAVA/sentinel.pay/sentinel.pay/src/main/java/com/github/sentinel/pay/infrastructure/out/persistence/mapper/EntityMapper.java", "Java", 0, 0, 0, 0, 0, 0, -5, 0, 0, -3, -8
"c:/Users/Administrator/Desktop/Projects/JAVA/sentinel.pay/sentinel.pay/src/main/java/com/github/sentinel/pay/infrastructure/out/persistence/mapper/FraudDecisionMapper.java", "Java", 0, 0, 0, 0, 0, 0, -5, 0, 0, -3, -8
"c:/Users/Administrator/Desktop/Projects/JAVA/sentinel.pay/sentinel.pay/src/main/java/com/github/sentinel/pay/infrastructure/out/persistence/mapper/FraudIncidentMapper.java", "Java", 0, 0, 0, 0, 0, 0, -5, 0, 0, -3, -8
"c:/Users/Administrator/Desktop/Projects/JAVA/sentinel.pay/sentinel.pay/src/main/java/com/github/sentinel/pay/infrastructure/out/persistence/mapper/RiskProfileMapper.java", "Java", 0, 0, 0, 0, 0, 0, -5, 0, 0, -3, -8
"c:/Users/Administrator/Desktop/Projects/JAVA/sentinel.pay/sentinel.pay/src/main/java/com/github/sentinel/pay/infrastructure/out/persistence/mapper/TransactionMapper.java", "Java", 0, 0, 0, 0, 0, 0, -5, 0, 0, -3, -8
"c:/Users/Administrator/Desktop/Projects/JAVA/sentinel.pay/sentinel.pay/src/main/java/com/github/sentinel/pay/infrastructure/out/persistence/mapper/adapters/FraudDecisionMapperImpl.java", "Java", 0, 0, 0, 0, 0, 0, -34, 0, 0, -5, -39
"c:/Users/Administrator/Desktop/Projects/JAVA/sentinel.pay/sentinel.pay/src/main/java/com/github/sentinel/pay/infrastructure/out/persistence/mapper/adapters/FraudIncidentMapperImpl.java", "Java", 0, 0, 0, 0, 0, 0, -38, 0, 0, -4, -42
"c:/Users/Administrator/Desktop/Projects/JAVA/sentinel.pay/sentinel.pay/src/main/java/com/github/sentinel/pay/infrastructure/out/persistence/mapper/adapters/RiskProfileMapperImpl.java", "Java", 0, 0, 0, 0, 0, 0, -28, 0, 0, -5, -33
"c:/Users/Administrator/Desktop/Projects/JAVA/sentinel.pay/sentinel.pay/src/main/java/com/github/sentinel/pay/infrastructure/out/persistence/mapper/adapters/TransactionMapperImpl.java", "Java", 0, 0, 0, 0, 0, 0, -36, 0, 0, -4, -40
"c:/Users/Administrator/Desktop/Projects/JAVA/sentinel.pay/sentinel.pay/src/main/resources/application.properties", "Java Properties", 0, 0, 0, -7, 0, 0, 0, 0, 0, 0, -7
"c:/Users/Administrator/Desktop/Projects/JAVA/sentinel.pay/sentinel.pay/src/main/resources/static/css/custom.css", "PostCSS", 0, 0, 0, 0, 0, -69, 0, 0, -5, -16, -90
"c:/Users/Administrator/Desktop/Projects/JAVA/sentinel.pay/sentinel.pay/src/main/resources/templates/account-profile.html", "Django HTML", 0, 0, 0, 0, 0, 0, 0, -87, 0, -5, -92
"c:/Users/Administrator/Desktop/Projects/JAVA/sentinel.pay/sentinel.pay/src/main/resources/templates/console.html", "Django HTML", 0, 0, 0, 0, 0, 0, 0, -71, 0, -5, -76
"c:/Users/Administrator/Desktop/Projects/JAVA/sentinel.pay/sentinel.pay/src/main/resources/templates/dashboard.html", "Django HTML", 0, 0, 0, 0, 0, 0, 0, -171, 0, -7, -178
"c:/Users/Administrator/Desktop/Projects/JAVA/sentinel.pay/sentinel.pay/src/main/resources/templates/fragments/transaction-response.html", "Django HTML", 0, 0, 0, 0, 0, 0, 0, -70, 0, -9, -79
"c:/Users/Administrator/Desktop/Projects/JAVA/sentinel.pay/sentinel.pay/src/main/resources/templates/incident-detail.html", "Django HTML", 0, 0, 0, 0, 0, 0, 0, -105, 0, -7, -112
"c:/Users/Administrator/Desktop/Projects/JAVA/sentinel.pay/sentinel.pay/src/main/resources/templates/incidents.html", "Django HTML", 0, 0, 0, 0, 0, 0, 0, -113, 0, -5, -118
"c:/Users/Administrator/Desktop/Projects/JAVA/sentinel.pay/sentinel.pay/src/main/resources/templates/layout.html", "Django HTML", 0, 0, 0, 0, 0, 0, 0, -52, 0, -9, -61
"c:/Users/Administrator/Desktop/Projects/JAVA/sentinel.pay/sentinel.pay/src/main/resources/templates/sidebar.html", "Django HTML", 0, 0, 0, 0, 0, 0, 0, -53, 0, -4, -57
"c:/Users/Administrator/Desktop/Projects/JAVA/sentinel.pay/sentinel.pay/src/test/java/com/github/sentinel/pay/ApplicationTests.java", "Java", 0, 0, 0, 0, 0, 0, -9, 0, 0, -5, -14
"c:/Users/Administrator/Desktop/Projects/JAVA/sentinel.pay/sentinel.pay/src/test/java/com/github/sentinel/pay/domain/fraudrRules/HighRiskAndRemoteTransactionFraudRuleTest.java", "Java", 0, 0, 0, 0, 0, 0, -41, 0, 0, -5, -46
"c:/Users/Administrator/Desktop/Projects/JAVA/sentinel.pay/sentinel.pay/src/test/java/com/github/sentinel/pay/domain/fraudrRules/TransactionAmountFraudRuleTest.java", "Java", 0, 0, 0, 0, 0, 0, -41, 0, 0, -5, -46
"c:/Users/Administrator/Desktop/Projects/JAVA/sentinel.pay/sentinel.pay/src/test/java/com/github/sentinel/pay/domain/fraudrRules/UnusualLocationFraudRuleTest.java", "Java", 0, 0, 0, 0, 0, 0, -41, 0, 0, -5, -46
"c:/Users/Administrator/Desktop/Projects/JAVA/sentinel.pay/sentinel.pay/src/test/java/com/github/sentinel/pay/domain/fraudrRules/VelocityFraudRuleTest.java", "Java", 0, 0, 0, 0, 0, 0, -49, 0, 0, -9, -58
"c:/Users/Administrator/Desktop/Projects/JAVA/sentinel.pay/sentinel.pay/src/test/java/com/github/sentinel/pay/domain/riskProfile/TransactionActivityTest.java", "Java", 0, 0, 0, 0, 0, 0, -36, 0, -2, -8, -46
"c:/Users/Administrator/Desktop/Projects/JAVA/sentinel.pay/sentinel.pay/src/test/java/com/github/sentinel/pay/domain/riskScore/FraudDecisionPolicyTest.java", "Java", 0, 0, 0, 0, 0, 0, -3, 0, 0, -2, -5
"c:/Users/Administrator/Desktop/Projects/JAVA/sentinel.pay/sentinel.pay/src/test/java/com/github/sentinel/pay/domain/riskScore/RiskScoreTest.java", "Java", 0, 0, 0, 0, 0, 0, -3, 0, 0, -2, -5
"c:/Users/Administrator/Desktop/Projects/JAVA/sentinel.pay/sentinel.pay/src/test/java/com/github/sentinel/pay/domain/transaction/LocationTest.java", "Java", 0, 0, 0, 0, 0, 0, -12, 0, 0, -5, -17
"c:/Users/Administrator/Desktop/Projects/JAVA/sentinel.pay/sentinel.pay/src/test/java/com/github/sentinel/pay/domain/transaction/MoneyTest.java", "Java", 0, 0, 0, 0, 0, 0, -22, 0, 0, -6, -28
"c:/Users/Administrator/Desktop/Projects/JAVA/sentinel.pay/sentinel.pay/transaction-api.md", "Markdown", -81, 0, 0, 0, 0, 0, 0, 0, 0, -67, -148
"Total", "-", -87, 2, 0, 6, 2114, 333, 2907, -722, 226, 715, 5494